later_idx,prev_idx_candidate_1,prev_idx_candidate_2,score_1,score_2,later_row
0,2,1,10.359429538461551,10.768330461538449,"{'joint_number': nan, 'J. len [ft]': nan, 'Wt [in]': nan, 'dist_to_us_weld': nan, 'dist_to_ds_weld': nan, 'distance_along_line': -14.6, 'feature_type': 'Area Start Launcher', 'ID/OD': nan, 'depth_percent': nan, 'Depth [in]': nan, 'OD Reduction [%]': nan, 'OD Reduction [in]': nan, 'Comments': nan, 'Anomalies per Joint': nan, 'Tool Velocity [ft/s]': nan, 'Elevation [ft]': 233.7, 'Seam Position (TFI)': nan, 'Tool   (TFI)': nan, 'Seam Anomaly  (TFI)': nan, 'MOP [PSI]': nan, 'SMYS [PSI]': nan, 'Seam Type': nan, 'Pdesign [PSI]': nan, 'B31G Psafe [PSI]': nan, 'B31G Pburst [PSI]': nan, 'Mod B31G Psafe [PSI]': nan, 'Mod B31G Pburst [PSI]': nan, 'Effective Area Psafe [PSI]': nan, 'Effective Area Pburst [PSI]': nan, 'ERF': nan, 'RPR': nan, 'run_year': 2015, 'row_index': 0, 'distance_raw_m': -4.45008, 'dist_to_us_weld_m': nan, 'clock_position_deg': nan, 'length_mm': nan, 'width_mm': nan, 'distance_corrected_m': -5.169173538461552}"
1,6,5,10.531542343195277,10.663273656804725,"{'joint_number': nan, 'J. len [ft]': nan, 'Wt [in]': nan, 'dist_to_us_weld': nan, 'dist_to_ds_weld': nan, 'distance_along_line': -1.39, 'feature_type': 'Tap', 'ID/OD': nan, 'depth_percent': nan, 'Depth [in]': nan, 'OD Reduction [%]': nan, 'OD Reduction [in]': nan, 'Comments': nan, 'Anomalies per Joint': nan, 'Tool Velocity [ft/s]': nan, 'Elevation [ft]': 233.5, 'Seam Position (TFI)': nan, 'Tool   (TFI)': nan, 'Seam Anomaly  (TFI)': nan, 'MOP [PSI]': nan, 'SMYS [PSI]': nan, 'Seam Type': nan, 'Pdesign [PSI]': nan, 'B31G Psafe [PSI]': nan, 'B31G Pburst [PSI]': nan, 'Mod B31G Psafe [PSI]': nan, 'Mod B31G Pburst [PSI]': nan, 'Effective Area Psafe [PSI]': nan, 'Effective Area Pburst [PSI]': nan, 'ERF': nan, 'RPR': nan, 'run_year': 2015, 'row_index': 1, 'distance_raw_m': -0.423672, 'dist_to_us_weld_m': nan, 'clock_position_deg': 270.0, 'length_mm': nan, 'width_mm': nan, 'distance_corrected_m': -0.952166343195276}"
2,6,7,10.087814863905335,10.508438863905335,"{'joint_number': nan, 'J. len [ft]': nan, 'Wt [in]': nan, 'dist_to_us_weld': nan, 'dist_to_ds_weld': nan, 'distance_along_line': 0.0, 'feature_type': 'Valve', 'ID/OD': nan, 'depth_percent': nan, 'Depth [in]': nan, 'OD Reduction [%]': nan, 'OD Reduction [in]': nan, 'Comments': nan, 'Anomalies per Joint': nan, 'Tool Velocity [ft/s]': nan, 'Elevation [ft]': 233.47, 'Seam Position (TFI)': nan, 'Tool   (TFI)': nan, 'Seam Anomaly  (TFI)': nan, 'MOP [PSI]': nan, 'SMYS [PSI]': nan, 'Seam Type': nan, 'Pdesign [PSI]': nan, 'B31G Psafe [PSI]': nan, 'B31G Pburst [PSI]': nan, 'Mod B31G Psafe [PSI]': nan, 'Mod B31G Pburst [PSI]': nan, 'Effective Area Psafe [PSI]': nan, 'Effective Area Pburst [PSI]': nan, 'ERF': nan, 'RPR': nan, 'run_year': 2015, 'row_index': 2, 'distance_raw_m': 0.0, 'dist_to_us_weld_m': nan, 'clock_position_deg': nan, 'length_mm': nan, 'width_mm': nan, 'distance_corrected_m': -0.5084388639053348}"
3,7,6,10.061519100591726,10.359104899408274,"{'joint_number': nan, 'J. len [ft]': nan, 'Wt [in]': nan, 'dist_to_us_weld': nan, 'dist_to_ds_weld': nan, 'distance_along_line': 1.4, 'feature_type': 'Tap', 'ID/OD': nan, 'depth_percent': nan, 'Depth [in]': nan, 'OD Reduction [%]': nan, 'OD Reduction [in]': nan, 'Comments': nan, 'Anomalies per Joint': nan, 'Tool Velocity [ft/s]': nan, 'Elevation [ft]': 233.45, 'Seam Position (TFI)': nan, 'Tool   (TFI)': nan, 'Seam Anomaly  (TFI)': nan, 'MOP [PSI]': nan, 'SMYS [PSI]': nan, 'Seam Type': nan, 'Pdesign [PSI]': nan, 'B31G Psafe [PSI]': nan, 'B31G Pburst [PSI]': nan, 'Mod B31G Psafe [PSI]': nan, 'Mod B31G Pburst [PSI]': nan, 'Effective Area Psafe [PSI]': nan, 'Effective Area Pburst [PSI]': nan, 'ERF': nan, 'RPR': nan, 'run_year': 2015, 'row_index': 3, 'distance_raw_m': 0.42672, 'dist_to_us_weld_m': nan, 'clock_position_deg': 270.0, 'length_mm': nan, 'width_mm': nan, 'distance_corrected_m': -0.06151910059172494}"
7,12,13,10.860888662721898,10.988904662721897,"{'joint_number': nan, 'J. len [ft]': nan, 'Wt [in]': nan, 'dist_to_us_weld': nan, 'dist_to_ds_weld': nan, 'distance_along_line': 19.09, 'feature_type': 'Magnet', 'ID/OD': nan, 'depth_percent': nan, 'Depth [in]': nan, 'OD Reduction [%]': nan, 'OD Reduction [in]': nan, 'Comments': 'ROSEN', 'Anomalies per Joint': nan, 'Tool Velocity [ft/s]': nan, 'Elevation [ft]': 230.46, 'Seam Position (TFI)': nan, 'Tool   (TFI)': nan, 'Seam Anomaly  (TFI)': nan, 'MOP [PSI]': nan, 'SMYS [PSI]': nan, 'Seam Type': nan, 'Pdesign [PSI]': nan, 'B31G Psafe [PSI]': nan, 'B31G Pburst [PSI]': nan, 'Mod B31G Psafe [PSI]': nan, 'Mod B31G Pburst [PSI]': nan, 'Effective Area Psafe [PSI]': nan, 'Effective Area Pburst [PSI]': nan, 'ERF': nan, 'RPR': nan, 'run_year': 2015, 'row_index': 7, 'distance_raw_m': 5.818632, 'dist_to_us_weld_m': nan, 'clock_position_deg': 0.0, 'length_mm': nan, 'width_mm': nan, 'distance_corrected_m': 5.585631337278103}"
8,12,13,10.254354698224855,10.382370698224857,"{'joint_number': 0.01, 'J. len [ft]': 7.7, 'Wt [in]': 0.344, 'dist_to_us_weld': nan, 'dist_to_ds_weld': nan, 'distance_along_line': 20.99, 'feature_type': 'Area End Launch Trap', 'ID/OD': nan, 'depth_percent': nan, 'Depth [in]': nan, 'OD Reduction [%]': nan, 'OD Reduction [in]': nan, 'Comments': nan, 'Anomalies per Joint': nan, 'Tool Velocity [ft/s]': 0.7, 'Elevation [ft]': 229.22, 'Seam Position (TFI)': nan, 'Tool   (TFI)': nan, 'Seam Anomaly  (TFI)': nan, 'MOP [PSI]': 1160.0, 'SMYS [PSI]': 65000.0, 'Seam Type': nan, 'Pdesign [PSI]': 1342.0, 'B31G Psafe [PSI]': nan, 'B31G Pburst [PSI]': nan, 'Mod B31G Psafe [PSI]': nan, 'Mod B31G Pburst [PSI]': nan, 'Effective Area Psafe [PSI]': nan, 'Effective Area Pburst [PSI]': nan, 'ERF': nan, 'RPR': nan, 'run_year': 2015, 'row_index': 8, 'distance_raw_m': 6.397752, 'dist_to_us_weld_m': nan, 'clock_position_deg': nan, 'length_mm': nan, 'width_mm': nan, 'distance_corrected_m': 6.192165301775144}"
9,14,13,11.122349349112428,11.386154650887573,"{'joint_number': 0.01, 'J. len [ft]': nan, 'Wt [in]': nan, 'dist_to_us_weld': nan, 'dist_to_ds_weld': nan, 'distance_along_line': 26.53, 'feature_type': 'AGM', 'ID/OD': nan, 'depth_percent': nan, 'Depth [in]': nan, 'OD Reduction [%]': nan, 'OD Reduction [in]': nan, 'Comments': 'LAUNCHER VALVE 22\'6"" D/S OF DOOR', 'Anomalies per Joint': nan, 'Tool Velocity [ft/s]': nan, 'Elevation [ft]': 225.52, 'Seam Position (TFI)': nan, 'Tool   (TFI)': nan, 'Seam Anomaly  (TFI)': nan, 'MOP [PSI]': nan, 'SMYS [PSI]': nan, 'Seam Type': nan, 'Pdesign [PSI]': nan, 'B31G Psafe [PSI]': nan, 'B31G Pburst [PSI]': nan, 'Mod B31G Psafe [PSI]': nan, 'Mod B31G Pburst [PSI]': nan, 'Effective Area Psafe [PSI]': nan, 'Effective Area Pburst [PSI]': nan, 'ERF': nan, 'RPR': nan, 'run_year': 2015, 'row_index': 9, 'distance_raw_m': 8.086344, 'dist_to_us_weld_m': nan, 'clock_position_deg': nan, 'length_mm': nan, 'width_mm': nan, 'distance_corrected_m': 7.960690650887573}"
13,19,18,12.635113230769235,12.74765476923077,"{'joint_number': 70.0, 'J. len [ft]': nan, 'Wt [in]': nan, 'dist_to_us_weld': nan, 'dist_to_ds_weld': nan, 'distance_along_line': 107.6, 'feature_type': 'Bend', 'ID/OD': nan, 'depth_percent': nan, 'Depth [in]': nan, 'OD Reduction [%]': nan, 'OD Reduction [in]': nan, 'Comments': '5.2D -  18° - Over', 'Anomalies per Joint': nan, 'Tool Velocity [ft/s]': nan, 'Elevation [ft]': 218.56, 'Seam Position (TFI)': nan, 'Tool   (TFI)': nan, 'Seam Anomaly  (TFI)': nan, 'MOP [PSI]': nan, 'SMYS [PSI]': nan, 'Seam Type': nan, 'Pdesign [PSI]': nan, 'B31G Psafe [PSI]': nan, 'B31G Pburst [PSI]': nan, 'Mod B31G Psafe [PSI]': nan, 'Mod B31G Pburst [PSI]': nan, 'Effective Area Psafe [PSI]': nan, 'Effective Area Pburst [PSI]': nan, 'ERF': nan, 'RPR': nan, 'run_year': 2015, 'row_index': 18, 'distance_raw_m': 32.79648, 'dist_to_us_weld_m': nan, 'clock_position_deg': nan, 'length_mm': nan, 'width_mm': nan, 'distance_corrected_m': 35.50146276923077}"
19,30,31,11.600597851132676,11.624981851132645,"{'joint_number': 270.0, 'J. len [ft]': nan, 'Wt [in]': nan, 'dist_to_us_weld': nan, 'dist_to_ds_weld': nan, 'distance_along_line': 642.47, 'feature_type': 'Bend', 'ID/OD': nan, 'depth_percent': nan, 'Depth [in]': nan, 'OD Reduction [%]': nan, 'OD Reduction [in]': nan, 'Comments': '5.5D -  24° - Over', 'Anomalies per Joint': nan, 'Tool Velocity [ft/s]': nan, 'Elevation [ft]': 199.1, 'Seam Position (TFI)': nan, 'Tool   (TFI)': nan, 'Seam Anomaly  (TFI)': nan, 'MOP [PSI]': nan, 'SMYS [PSI]': nan, 'Seam Type': nan, 'Pdesign [PSI]': nan, 'B31G Psafe [PSI]': nan, 'B31G Pburst [PSI]': nan, 'Mod B31G Psafe [PSI]': nan, 'Mod B31G Pburst [PSI]': nan, 'Effective Area Psafe [PSI]': nan, 'Effective Area Pburst [PSI]': nan, 'ERF': nan, 'RPR': nan, 'run_year': 2015, 'row_index': 46, 'distance_raw_m': 195.824856, 'dist_to_us_weld_m': nan, 'clock_position_deg': nan, 'length_mm': nan, 'width_mm': nan, 'distance_corrected_m': 202.22830614886735}"
21,34,33,14.084144919060094,14.102432919060078,"{'joint_number': 300.0, 'J. len [ft]': nan, 'Wt [in]': nan, 'dist_to_us_weld': nan, 'dist_to_ds_weld': nan, 'distance_along_line': 674.44, 'feature_type': 'Bend', 'ID/OD': nan, 'depth_percent': nan, 'Depth [in]': nan, 'OD Reduction [%]': nan, 'OD Reduction [in]': nan, 'Comments': '5.6D -  20° - Sag', 'Anomalies per Joint': nan, 'Tool Velocity [ft/s]': nan, 'Elevation [ft]': 201.29, 'Seam Position (TFI)': nan, 'Tool   (TFI)': nan, 'Seam Anomaly  (TFI)': nan, 'MOP [PSI]': nan, 'SMYS [PSI]': nan, 'Seam Type': nan, 'Pdesign [PSI]': nan, 'B31G Psafe [PSI]': nan, 'B31G Pburst [PSI]': nan, 'Mod B31G Psafe [PSI]': nan, 'Mod B31G Pburst [PSI]': nan, 'Effective Area Psafe [PSI]': nan, 'Effective Area Pburst [PSI]': nan, 'ERF': nan, 'RPR': nan, 'run_year': 2015, 'row_index': 51, 'distance_raw_m': 205.56931200000002, 'dist_to_us_weld_m': nan, 'clock_position_deg': nan, 'length_mm': nan, 'width_mm': nan, 'distance_corrected_m': 211.1286889190601}"
29,276,277,12.41616193658183,12.867265936581816,"{'joint_number': 1530.0, 'J. len [ft]': nan, 'Wt [in]': nan, 'dist_to_us_weld': nan, 'dist_to_ds_weld': nan, 'distance_along_line': 5207.38, 'feature_type': 'AGM', 'ID/OD': nan, 'depth_percent': nan, 'Depth [in]': nan, 'OD Reduction [%]': nan, 'OD Reduction [in]': nan, 'Comments': 'AGM#2 AT PLM/ ON ROW', 'Anomalies per Joint': nan, 'Tool Velocity [ft/s]': nan, 'Elevation [ft]': 500.42, 'Seam Position (TFI)': nan, 'Tool   (TFI)': nan, 'Seam Anomaly  (TFI)': nan, 'MOP [PSI]': nan, 'SMYS [PSI]': nan, 'Seam Type': nan, 'Pdesign [PSI]': nan, 'B31G Psafe [PSI]': nan, 'B31G Pburst [PSI]': nan, 'Mod B31G Psafe [PSI]': nan, 'Mod B31G Pburst [PSI]': nan, 'Effective Area Psafe [PSI]': nan, 'Effective Area Pburst [PSI]': nan, 'ERF': nan, 'RPR': nan, 'run_year': 2015, 'row_index': 182, 'distance_raw_m': 1587.2094240000001, 'dist_to_us_weld_m': nan, 'clock_position_deg': nan, 'length_mm': nan, 'width_mm': nan, 'distance_corrected_m': 1610.7500300634183}"
109,350,348,10.192482849999978,10.259645150000324,"{'joint_number': 4140.0, 'J. len [ft]': nan, 'Wt [in]': 0.344, 'dist_to_us_weld': -7.02, 'dist_to_ds_weld': 12.17, 'distance_along_line': 14909.43, 'feature_type': 'metal loss', 'ID/OD': 'External', 'depth_percent': 11.0, 'Depth [in]': 0.038, 'OD Reduction [%]': nan, 'OD Reduction [in]': nan, 'Comments': nan, 'Anomalies per Joint': nan, 'Tool Velocity [ft/s]': 1.0, 'Elevation [ft]': 40.26, 'Seam Position (TFI)': nan, 'Tool   (TFI)': 'MFL-A/XT', 'Seam Anomaly  (TFI)': nan, 'MOP [PSI]': 1160.0, 'SMYS [PSI]': 65000.0, 'Seam Type': nan, 'Pdesign [PSI]': 1342.0, 'B31G Psafe [PSI]': nan, 'B31G Pburst [PSI]': nan, 'Mod B31G Psafe [PSI]': nan, 'Mod B31G Pburst [PSI]': nan, 'Effective Area Psafe [PSI]': nan, 'Effective Area Pburst [PSI]': nan, 'ERF': nan, 'RPR': nan, 'run_year': 2015, 'row_index': 523, 'distance_raw_m': 4544.3942640000005, 'dist_to_us_weld_m': -2.139696, 'clock_position_deg': 71.0, 'length_mm': 17.018, 'width_mm': 29.971999999999998, 'distance_corrected_m': 4555.54746115}"
117,355,354,16.971335484056,17.074967484055378,"{'joint_number': 4160.01, 'J. len [ft]': 7.43, 'Wt [in]': 0.5, 'dist_to_us_weld': nan, 'dist_to_ds_weld': nan, 'distance_along_line': 14960.84, 'feature_type': 'Area Start Installation', 'ID/OD': nan, 'depth_percent': nan, 'Depth [in]': nan, 'OD Reduction [%]': nan, 'OD Reduction [in]': nan, 'Comments': nan, 'Anomalies per Joint': 11.0, 'Tool Velocity [ft/s]': 0.7, 'Elevation [ft]': 42.54, 'Seam Position (TFI)': nan, 'Tool   (TFI)': nan, 'Seam Anomaly  (TFI)': nan, 'MOP [PSI]': 1160.0, 'SMYS [PSI]': 60000.0, 'Seam Type': nan, 'Pdesign [PSI]': 1800.0, 'B31G Psafe [PSI]': nan, 'B31G Pburst [PSI]': nan, 'Mod B31G Psafe [PSI]': nan, 'Mod B31G Pburst [PSI]': nan, 'Effective Area Psafe [PSI]': nan, 'Effective Area Pburst [PSI]': nan, 'ERF': nan, 'RPR': nan, 'run_year': 2015, 'row_index': 533, 'distance_raw_m': 4560.064032, 'dist_to_us_weld_m': nan, 'clock_position_deg': nan, 'length_mm': nan, 'width_mm': nan, 'distance_corrected_m': 4564.075759484056}"
263,398,396,45.916698830585574,46.2505788305857,"{'joint_number': 5100.0, 'J. len [ft]': nan, 'Wt [in]': 0.344, 'dist_to_us_weld': -39.06, 'dist_to_ds_weld': 0.95, 'distance_along_line': 18203.62, 'feature_type': 'metal loss', 'ID/OD': 'External', 'depth_percent': 12.0, 'Depth [in]': 0.041, 'OD Reduction [%]': nan, 'OD Reduction [in]': nan, 'Comments': nan, 'Anomalies per Joint': nan, 'Tool Velocity [ft/s]': 0.7, 'Elevation [ft]': 371.45, 'Seam Position (TFI)': nan, 'Tool   (TFI)': 'MFL-A/XT', 'Seam Anomaly  (TFI)': nan, 'MOP [PSI]': 1160.0, 'SMYS [PSI]': 65000.0, 'Seam Type': nan, 'Pdesign [PSI]': 1342.0, 'B31G Psafe [PSI]': nan, 'B31G Pburst [PSI]': nan, 'Mod B31G Psafe [PSI]': nan, 'Mod B31G Pburst [PSI]': nan, 'Effective Area Psafe [PSI]': nan, 'Effective Area Pburst [PSI]': nan, 'ERF': nan, 'RPR': nan, 'run_year': 2015, 'row_index': 771, 'distance_raw_m': 5548.463376, 'dist_to_us_weld_m': -11.905488000000002, 'clock_position_deg': 178.0, 'length_mm': 17.018, 'width_mm': 19.049999999999997, 'distance_corrected_m': 5579.1085468305855}"
483,486,485,21.398520636567845,21.518760636566657,"{'joint_number': 7960.0, 'J. len [ft]': nan, 'Wt [in]': nan, 'dist_to_us_weld': nan, 'dist_to_ds_weld': nan, 'distance_along_line': 29095.07, 'feature_type': 'Attachment', 'ID/OD': nan, 'depth_percent': nan, 'Depth [in]': nan, 'OD Reduction [%]': nan, 'OD Reduction [in]': nan, 'Comments': 'Repair Marker', 'Anomalies per Joint': nan, 'Tool Velocity [ft/s]': nan, 'Elevation [ft]': 129.15, 'Seam Position (TFI)': nan, 'Tool   (TFI)': nan, 'Seam Anomaly  (TFI)': nan, 'MOP [PSI]': nan, 'SMYS [PSI]': nan, 'Seam Type': nan, 'Pdesign [PSI]': nan, 'B31G Psafe [PSI]': nan, 'B31G Pburst [PSI]': nan, 'Mod B31G Psafe [PSI]': nan, 'Mod B31G Pburst [PSI]': nan, 'Effective Area Psafe [PSI]': nan, 'Effective Area Pburst [PSI]': nan, 'ERF': nan, 'RPR': nan, 'run_year': 2015, 'row_index': 1278, 'distance_raw_m': 8868.177336, 'dist_to_us_weld_m': nan, 'clock_position_deg': 180.0, 'length_mm': nan, 'width_mm': nan, 'distance_corrected_m': 8913.996544636568}"
484,486,485,21.486185382889744,21.501425382888556,"{'joint_number': 7960.0, 'J. len [ft]': nan, 'Wt [in]': nan, 'dist_to_us_weld': nan, 'dist_to_ds_weld': nan, 'distance_along_line': 29095.49, 'feature_type': 'Area Start Sleeve', 'ID/OD': nan, 'depth_percent': nan, 'Depth [in]': nan, 'OD Reduction [%]': nan, 'OD Reduction [in]': nan, 'Comments': nan, 'Anomalies per Joint': nan, 'Tool Velocity [ft/s]': nan, 'Elevation [ft]': 129.14, 'Seam Position (TFI)': nan, 'Tool   (TFI)': nan, 'Seam Anomaly  (TFI)': nan, 'MOP [PSI]': nan, 'SMYS [PSI]': nan, 'Seam Type': nan, 'Pdesign [PSI]': nan, 'B31G Psafe [PSI]': nan, 'B31G Pburst [PSI]': nan, 'Mod B31G Psafe [PSI]': nan, 'Mod B31G Pburst [PSI]': nan, 'Effective Area Psafe [PSI]': nan, 'Effective Area Pburst [PSI]': nan, 'ERF': nan, 'RPR': nan, 'run_year': 2015, 'row_index': 1279, 'distance_raw_m': 8868.305352000001, 'dist_to_us_weld_m': nan, 'clock_position_deg': nan, 'length_mm': nan, 'width_mm': nan, 'distance_corrected_m': 8914.12420938289}"
485,486,485,21.847902164132392,21.863142164131204,"{'joint_number': 7960.0, 'J. len [ft]': nan, 'Wt [in]': nan, 'dist_to_us_weld': nan, 'dist_to_ds_weld': nan, 'distance_along_line': 29096.68, 'feature_type': 'Area End Sleeve', 'ID/OD': nan, 'depth_percent': nan, 'Depth [in]': nan, 'OD Reduction [%]': nan, 'OD Reduction [in]': nan, 'Comments': nan, 'Anomalies per Joint': nan, 'Tool Velocity [ft/s]': nan, 'Elevation [ft]': 129.11, 'Seam Position (TFI)': nan, 'Tool   (TFI)': nan, 'Seam Anomaly  (TFI)': nan, 'MOP [PSI]': nan, 'SMYS [PSI]': nan, 'Seam Type': nan, 'Pdesign [PSI]': nan, 'B31G Psafe [PSI]': nan, 'B31G Pburst [PSI]': nan, 'Mod B31G Psafe [PSI]': nan, 'Mod B31G Pburst [PSI]': nan, 'Effective Area Psafe [PSI]': nan, 'Effective Area Pburst [PSI]': nan, 'ERF': nan, 'RPR': nan, 'run_year': 2015, 'row_index': 1280, 'distance_raw_m': 8868.668064000001, 'dist_to_us_weld_m': nan, 'clock_position_deg': nan, 'length_mm': nan, 'width_mm': nan, 'distance_corrected_m': 8914.485926164132}"
486,486,485,22.31291983712712,22.43315983712593,"{'joint_number': 7970.0, 'J. len [ft]': nan, 'Wt [in]': nan, 'dist_to_us_weld': nan, 'dist_to_ds_weld': nan, 'distance_along_line': 29097.91, 'feature_type': 'Attachment', 'ID/OD': nan, 'depth_percent': nan, 'Depth [in]': nan, 'OD Reduction [%]': nan, 'OD Reduction [in]': nan, 'Comments': 'Repair Marker', 'Anomalies per Joint': nan, 'Tool Velocity [ft/s]': nan, 'Elevation [ft]': 129.07, 'Seam Position (TFI)': nan, 'Tool   (TFI)': nan, 'Seam Anomaly  (TFI)': nan, 'MOP [PSI]': nan, 'SMYS [PSI]': nan, 'Seam Type': nan, 'Pdesign [PSI]': nan, 'B31G Psafe [PSI]': nan, 'B31G Pburst [PSI]': nan, 'Mod B31G Psafe [PSI]': nan, 'Mod B31G Pburst [PSI]': nan, 'Effective Area Psafe [PSI]': nan, 'Effective Area Pburst [PSI]': nan, 'ERF': nan, 'RPR': nan, 'run_year': 2015, 'row_index': 1282, 'distance_raw_m': 8869.042968, 'dist_to_us_weld_m': nan, 'clock_position_deg': 180.0, 'length_mm': nan, 'width_mm': nan, 'distance_corrected_m': 8914.910943837127}"
565,521,520,32.42733365320237,32.43952565320251,"{'joint_number': 8660.0, 'J. len [ft]': nan, 'Wt [in]': nan, 'dist_to_us_weld': nan, 'dist_to_ds_weld': nan, 'distance_along_line': 31600.89, 'feature_type': 'AGM', 'ID/OD': nan, 'depth_percent': nan, 'Depth [in]': nan, 'OD Reduction [%]': nan, 'OD Reduction [in]': nan, 'Comments': 'AGM#12 AT PLM/ ON ROW', 'Anomalies per Joint': nan, 'Tool Velocity [ft/s]': nan, 'Elevation [ft]': 136.5, 'Seam Position (TFI)': nan, 'Tool   (TFI)': nan, 'Seam Anomaly  (TFI)': nan, 'MOP [PSI]': nan, 'SMYS [PSI]': nan, 'Seam Type': nan, 'Pdesign [PSI]': nan, 'B31G Psafe [PSI]': nan, 'B31G Pburst [PSI]': nan, 'Mod B31G Psafe [PSI]': nan, 'Mod B31G Pburst [PSI]': nan, 'Effective Area Psafe [PSI]': nan, 'Effective Area Pburst [PSI]': nan, 'ERF': nan, 'RPR': nan, 'run_year': 2015, 'row_index': 1430, 'distance_raw_m': 9631.951272, 'dist_to_us_weld_m': nan, 'clock_position_deg': nan, 'length_mm': nan, 'width_mm': nan, 'distance_corrected_m': 9646.472093653203}"
567,521,520,38.912544788008745,38.924736788008886,"{'joint_number': 8670.0, 'J. len [ft]': nan, 'Wt [in]': nan, 'dist_to_us_weld': nan, 'dist_to_ds_weld': nan, 'distance_along_line': 31618.27, 'feature_type': 'Bend', 'ID/OD': nan, 'depth_percent': nan, 'Depth [in]': nan, 'OD Reduction [%]': nan, 'OD Reduction [in]': nan, 'Comments': '5.5D -  26° - Right', 'Anomalies per Joint': nan, 'Tool Velocity [ft/s]': nan, 'Elevation [ft]': 134.96, 'Seam Position (TFI)': nan, 'Tool   (TFI)': nan, 'Seam Anomaly  (TFI)': nan, 'MOP [PSI]': nan, 'SMYS [PSI]': nan, 'Seam Type': nan, 'Pdesign [PSI]': nan, 'B31G Psafe [PSI]': nan, 'B31G Pburst [PSI]': nan, 'Mod B31G Psafe [PSI]': nan, 'Mod B31G Pburst [PSI]': nan, 'Effective Area Psafe [PSI]': nan, 'Effective Area Pburst [PSI]': nan, 'ERF': nan, 'RPR': nan, 'run_year': 2015, 'row_index': 1433, 'distance_raw_m': 9637.248696, 'dist_to_us_weld_m': nan, 'clock_position_deg': nan, 'length_mm': nan, 'width_mm': nan, 'distance_corrected_m': 9652.95730478801}"
585,530,531,15.65100155485743,15.663193554857571,"{'joint_number': 9000.0, 'J. len [ft]': nan, 'Wt [in]': nan, 'dist_to_us_weld': nan, 'dist_to_ds_weld': nan, 'distance_along_line': 32467.15, 'feature_type': 'Bend', 'ID/OD': nan, 'depth_percent': nan, 'Depth [in]': nan, 'OD Reduction [%]': nan, 'OD Reduction [in]': nan, 'Comments': '5.7D -  28° - Sag', 'Anomalies per Joint': nan, 'Tool Velocity [ft/s]': nan, 'Elevation [ft]': 40.07, 'Seam Position (TFI)': nan, 'Tool   (TFI)': nan, 'Seam Anomaly  (TFI)': nan, 'MOP [PSI]': nan, 'SMYS [PSI]': nan, 'Seam Type': nan, 'Pdesign [PSI]': nan, 'B31G Psafe [PSI]': nan, 'B31G Pburst [PSI]': nan, 'Mod B31G Psafe [PSI]': nan, 'Mod B31G Pburst [PSI]': nan, 'Effective Area Psafe [PSI]': nan, 'Effective Area Pburst [PSI]': nan, 'ERF': nan, 'RPR': nan, 'run_year': 2015, 'row_index': 1484, 'distance_raw_m': 9895.98732, 'dist_to_us_weld_m': nan, 'clock_position_deg': nan, 'length_mm': nan, 'width_mm': nan, 'distance_corrected_m': 9929.262326445143}"
592,533,534,43.323046580646405,43.560790580646426,"{'joint_number': 9080.0, 'J. len [ft]': nan, 'Wt [in]': nan, 'dist_to_us_weld': nan, 'dist_to_ds_weld': nan, 'distance_along_line': 32696.22, 'feature_type': 'Bend', 'ID/OD': nan, 'depth_percent': nan, 'Depth [in]': nan, 'OD Reduction [%]': nan, 'OD Reduction [in]': nan, 'Comments': '5.3D -  24° - Over', 'Anomalies per Joint': nan, 'Tool Velocity [ft/s]': nan, 'Elevation [ft]': 158.47, 'Seam Position (TFI)': nan, 'Tool   (TFI)': nan, 'Seam Anomaly  (TFI)': nan, 'MOP [PSI]': nan, 'SMYS [PSI]': nan, 'Seam Type': nan, 'Pdesign [PSI]': nan, 'B31G Psafe [PSI]': nan, 'B31G Pburst [PSI]': nan, 'Mod B31G Psafe [PSI]': nan, 'Mod B31G Pburst [PSI]': nan, 'Effective Area Psafe [PSI]': nan, 'Effective Area Pburst [PSI]': nan, 'ERF': nan, 'RPR': nan, 'run_year': 2015, 'row_index': 1499, 'distance_raw_m': 9965.807856000001, 'dist_to_us_weld_m': nan, 'clock_position_deg': nan, 'length_mm': nan, 'width_mm': nan, 'distance_corrected_m': 10002.280961419354}"
595,535,536,28.683749517240358,29.040365517241298,"{'joint_number': 9090.0, 'J. len [ft]': nan, 'Wt [in]': nan, 'dist_to_us_weld': nan, 'dist_to_ds_weld': nan, 'distance_along_line': 32733.85, 'feature_type': 'Area End Sleeve', 'ID/OD': nan, 'depth_percent': nan, 'Depth [in]': nan, 'OD Reduction [%]': nan, 'OD Reduction [in]': nan, 'Comments': '2012 Dig #17', 'Anomalies per Joint': nan, 'Tool Velocity [ft/s]': nan, 'Elevation [ft]': 158.59, 'Seam Position (TFI)': nan, 'Tool   (TFI)': nan, 'Seam Anomaly  (TFI)': nan, 'MOP [PSI]': nan, 'SMYS [PSI]': nan, 'Seam Type': nan, 'Pdesign [PSI]': nan, 'B31G Psafe [PSI]': nan, 'B31G Pburst [PSI]': nan, 'Mod B31G Psafe [PSI]': nan, 'Mod B31G Pburst [PSI]': nan, 'Effective Area Psafe [PSI]': nan, 'Effective Area Pburst [PSI]': nan, 'ERF': nan, 'RPR': nan, 'run_year': 2015, 'row_index': 1503, 'distance_raw_m': 9977.27748, 'dist_to_us_weld_m': nan, 'clock_position_deg': nan, 'length_mm': nan, 'width_mm': nan, 'distance_corrected_m': 10017.50547448276}"
617,546,547,69.44996790593284,69.7566719059309,"{'joint_number': 9180.0, 'J. len [ft]': nan, 'Wt [in]': 0.344, 'dist_to_us_weld': -39.11, 'dist_to_ds_weld': 0.86, 'distance_along_line': 33081.18, 'feature_type': 'cluster', 'ID/OD': 'External', 'depth_percent': 43.0, 'Depth [in]': 0.148, 'OD Reduction [%]': nan, 'OD Reduction [in]': nan, 'Comments': 'Recoat', 'Anomalies per Joint': nan, 'Tool Velocity [ft/s]': 1.0, 'Elevation [ft]': 141.56, 'Seam Position (TFI)': nan, 'Tool   (TFI)': nan, 'Seam Anomaly  (TFI)': nan, 'MOP [PSI]': 1160.0, 'SMYS [PSI]': 65000.0, 'Seam Type': nan, 'Pdesign [PSI]': 1342.0, 'B31G Psafe [PSI]': 1463.83, 'B31G Pburst [PSI]': 2032.5, 'Mod B31G Psafe [PSI]': 1533.85, 'Mod B31G Pburst [PSI]': 2129.71, 'Effective Area Psafe [PSI]': 1537.58, 'Effective Area Pburst [PSI]': 2134.89, 'ERF': 0.76, 'RPR': 1.84, 'run_year': 2015, 'row_index': 1534, 'distance_raw_m': 10083.143664000001, 'dist_to_us_weld_m': -11.920728, 'clock_position_deg': 166.5, 'length_mm': 17.018, 'width_mm': 122.93599999999999, 'distance_corrected_m': 10128.902960094068}"
618,546,547,55.2626795862076,55.44898358620565,"{'joint_number': 9190.0, 'J. len [ft]': nan, 'Wt [in]': nan, 'dist_to_us_weld': nan, 'dist_to_ds_weld': nan, 'distance_along_line': 33083.19, 'feature_type': 'Attachment', 'ID/OD': nan, 'depth_percent': nan, 'Depth [in]': nan, 'OD Reduction [%]': nan, 'OD Reduction [in]': nan, 'Comments': 'Repair Marker 2012 Dig #19 Recoat', 'Anomalies per Joint': nan, 'Tool Velocity [ft/s]': nan, 'Elevation [ft]': 141.55, 'Seam Position (TFI)': nan, 'Tool   (TFI)': nan, 'Seam Anomaly  (TFI)': nan, 'MOP [PSI]': nan, 'SMYS [PSI]': nan, 'Seam Type': nan, 'Pdesign [PSI]': nan, 'B31G Psafe [PSI]': nan, 'B31G Pburst [PSI]': nan, 'Mod B31G Psafe [PSI]': nan, 'Mod B31G Pburst [PSI]': nan, 'Effective Area Psafe [PSI]': nan, 'Effective Area Pburst [PSI]': nan, 'ERF': nan, 'RPR': nan, 'run_year': 2015, 'row_index': 1536, 'distance_raw_m': 10083.756312000001, 'dist_to_us_weld_m': nan, 'clock_position_deg': 180.0, 'length_mm': nan, 'width_mm': nan, 'distance_corrected_m': 10129.515848413794}"
745,568,570,21.911533795857395,21.945061795857328,"{'joint_number': 9360.0, 'J. len [ft]': nan, 'Wt [in]': nan, 'dist_to_us_weld': nan, 'dist_to_ds_weld': nan, 'distance_along_line': 33801.74, 'feature_type': 'Area End Composite Wrap', 'ID/OD': nan, 'depth_percent': nan, 'Depth [in]': nan, 'OD Reduction [%]': nan, 'OD Reduction [in]': nan, 'Comments': 'Repair Marker @12:00 2012 Dig #20', 'Anomalies per Joint': nan, 'Tool Velocity [ft/s]': nan, 'Elevation [ft]': 131.41, 'Seam Position (TFI)': nan, 'Tool   (TFI)': nan, 'Seam Anomaly  (TFI)': nan, 'MOP [PSI]': nan, 'SMYS [PSI]': nan, 'Seam Type': nan, 'Pdesign [PSI]': nan, 'B31G Psafe [PSI]': nan, 'B31G Pburst [PSI]': nan, 'Mod B31G Psafe [PSI]': nan, 'Mod B31G Pburst [PSI]': nan, 'Effective Area Psafe [PSI]': nan, 'Effective Area Pburst [PSI]': nan, 'ERF': nan, 'RPR': nan, 'run_year': 2015, 'row_index': 1680, 'distance_raw_m': 10302.770352, 'dist_to_us_weld_m': nan, 'clock_position_deg': nan, 'length_mm': nan, 'width_mm': nan, 'distance_corrected_m': 10343.753810204144}"
751,571,572,35.83153211612989,35.953932116130744,"{'joint_number': 9370.0, 'J. len [ft]': nan, 'Wt [in]': nan, 'dist_to_us_weld': nan, 'dist_to_ds_weld': nan, 'distance_along_line': 33804.26, 'feature_type': 'Attachment', 'ID/OD': nan, 'depth_percent': nan, 'Depth [in]': nan, 'OD Reduction [%]': nan, 'OD Reduction [in]': nan, 'Comments': 'Repair Marker', 'Anomalies per Joint': nan, 'Tool Velocity [ft/s]': nan, 'Elevation [ft]': 131.57, 'Seam Position (TFI)': nan, 'Tool   (TFI)': nan, 'Seam Anomaly  (TFI)': nan, 'MOP [PSI]': nan, 'SMYS [PSI]': nan, 'Seam Type': nan, 'Pdesign [PSI]': nan, 'B31G Psafe [PSI]': nan, 'B31G Pburst [PSI]': nan, 'Mod B31G Psafe [PSI]': nan, 'Mod B31G Pburst [PSI]': nan, 'Effective Area Psafe [PSI]': nan, 'Effective Area Pburst [PSI]': nan, 'ERF': nan, 'RPR': nan, 'run_year': 2015, 'row_index': 1687, 'distance_raw_m': 10303.538448000001, 'dist_to_us_weld_m': nan, 'clock_position_deg': 180.0, 'length_mm': nan, 'width_mm': nan, 'distance_corrected_m': 10344.973259883871}"
752,571,572,28.902700529035428,29.02510052903628,"{'joint_number': 9370.0, 'J. len [ft]': nan, 'Wt [in]': nan, 'dist_to_us_weld': nan, 'dist_to_ds_weld': nan, 'distance_along_line': 33818.34, 'feature_type': 'Attachment', 'ID/OD': nan, 'depth_percent': nan, 'Depth [in]': nan, 'OD Reduction [%]': nan, 'OD Reduction [in]': nan, 'Comments': 'Repair Marker', 'Anomalies per Joint': nan, 'Tool Velocity [ft/s]': nan, 'Elevation [ft]': 132.49, 'Seam Position (TFI)': nan, 'Tool   (TFI)': nan, 'Seam Anomaly  (TFI)': nan, 'MOP [PSI]': nan, 'SMYS [PSI]': nan, 'Seam Type': nan, 'Pdesign [PSI]': nan, 'B31G Psafe [PSI]': nan, 'B31G Pburst [PSI]': nan, 'Mod B31G Psafe [PSI]': nan, 'Mod B31G Pburst [PSI]': nan, 'Effective Area Psafe [PSI]': nan, 'Effective Area Pburst [PSI]': nan, 'ERF': nan, 'RPR': nan, 'run_year': 2015, 'row_index': 1688, 'distance_raw_m': 10307.830032, 'dist_to_us_weld_m': nan, 'clock_position_deg': 180.0, 'length_mm': nan, 'width_mm': nan, 'distance_corrected_m': 10351.902091470965}"
753,568,570,13.664831625806983,13.698359625806916,"{'joint_number': 9370.0, 'J. len [ft]': nan, 'Wt [in]': nan, 'dist_to_us_weld': nan, 'dist_to_ds_weld': nan, 'distance_along_line': 33818.54, 'feature_type': 'Area Start Sleeve', 'ID/OD': nan, 'depth_percent': nan, 'Depth [in]': nan, 'OD Reduction [%]': nan, 'OD Reduction [in]': nan, 'Comments': '2012 Dig #20', 'Anomalies per Joint': nan, 'Tool Velocity [ft/s]': nan, 'Elevation [ft]': 132.51, 'Seam Position (TFI)': nan, 'Tool   (TFI)': nan, 'Seam Anomaly  (TFI)': nan, 'MOP [PSI]': nan, 'SMYS [PSI]': nan, 'Seam Type': nan, 'Pdesign [PSI]': nan, 'B31G Psafe [PSI]': nan, 'B31G Pburst [PSI]': nan, 'Mod B31G Psafe [PSI]': nan, 'Mod B31G Pburst [PSI]': nan, 'Effective Area Psafe [PSI]': nan, 'Effective Area Pburst [PSI]': nan, 'ERF': nan, 'RPR': nan, 'run_year': 2015, 'row_index': 1689, 'distance_raw_m': 10307.890992, 'dist_to_us_weld_m': nan, 'clock_position_deg': nan, 'length_mm': nan, 'width_mm': nan, 'distance_corrected_m': 10352.000512374194}"
754,568,570,12.267254800004594,12.300782800004527,"{'joint_number': 9370.0, 'J. len [ft]': nan, 'Wt [in]': nan, 'dist_to_us_weld': nan, 'dist_to_ds_weld': nan, 'distance_along_line': 33821.38, 'feature_type': 'Area End Sleeve', 'ID/OD': nan, 'depth_percent': nan, 'Depth [in]': nan, 'OD Reduction [%]': nan, 'OD Reduction [in]': nan, 'Comments': '2012 Dig #20', 'Anomalies per Joint': nan, 'Tool Velocity [ft/s]': nan, 'Elevation [ft]': 132.63, 'Seam Position (TFI)': nan, 'Tool   (TFI)': nan, 'Seam Anomaly  (TFI)': nan, 'MOP [PSI]': nan, 'SMYS [PSI]': nan, 'Seam Type': nan, 'Pdesign [PSI]': nan, 'B31G Psafe [PSI]': nan, 'B31G Pburst [PSI]': nan, 'Mod B31G Psafe [PSI]': nan, 'Mod B31G Pburst [PSI]': nan, 'Effective Area Psafe [PSI]': nan, 'Effective Area Pburst [PSI]': nan, 'ERF': nan, 'RPR': nan, 'run_year': 2015, 'row_index': 1690, 'distance_raw_m': 10308.756624, 'dist_to_us_weld_m': nan, 'clock_position_deg': nan, 'length_mm': nan, 'width_mm': nan, 'distance_corrected_m': 10353.398089199996}"
755,571,572,27.013019187097598,27.13541918709845,"{'joint_number': 9370.0, 'J. len [ft]': nan, 'Wt [in]': nan, 'dist_to_us_weld': nan, 'dist_to_ds_weld': nan, 'distance_along_line': 33822.18, 'feature_type': 'Attachment', 'ID/OD': nan, 'depth_percent': nan, 'Depth [in]': nan, 'OD Reduction [%]': nan, 'OD Reduction [in]': nan, 'Comments': 'Repair Marker', 'Anomalies per Joint': nan, 'Tool Velocity [ft/s]': nan, 'Elevation [ft]': 132.66, 'Seam Position (TFI)': nan, 'Tool   (TFI)': nan, 'Seam Anomaly  (TFI)': nan, 'MOP [PSI]': nan, 'SMYS [PSI]': nan, 'Seam Type': nan, 'Pdesign [PSI]': nan, 'B31G Psafe [PSI]': nan, 'B31G Pburst [PSI]': nan, 'Mod B31G Psafe [PSI]': nan, 'Mod B31G Pburst [PSI]': nan, 'Effective Area Psafe [PSI]': nan, 'Effective Area Pburst [PSI]': nan, 'ERF': nan, 'RPR': nan, 'run_year': 2015, 'row_index': 1691, 'distance_raw_m': 10309.000464, 'dist_to_us_weld_m': nan, 'clock_position_deg': 180.0, 'length_mm': nan, 'width_mm': nan, 'distance_corrected_m': 10353.791772812903}"
766,572,571,32.14023586839241,32.32263586839326,"{'joint_number': 9410.0, 'J. len [ft]': nan, 'Wt [in]': nan, 'dist_to_us_weld': nan, 'dist_to_ds_weld': nan, 'distance_along_line': 33947.89, 'feature_type': 'Attachment', 'ID/OD': nan, 'depth_percent': nan, 'Depth [in]': nan, 'OD Reduction [%]': nan, 'OD Reduction [in]': nan, 'Comments': 'Repair Marker 2012 Dig #21 Recoat', 'Anomalies per Joint': nan, 'Tool Velocity [ft/s]': nan, 'Elevation [ft]': 129.84, 'Seam Position (TFI)': nan, 'Tool   (TFI)': nan, 'Seam Anomaly  (TFI)': nan, 'MOP [PSI]': nan, 'SMYS [PSI]': nan, 'Seam Type': nan, 'Pdesign [PSI]': nan, 'B31G Psafe [PSI]': nan, 'B31G Pburst [PSI]': nan, 'Mod B31G Psafe [PSI]': nan, 'Mod B31G Pburst [PSI]': nan, 'Effective Area Psafe [PSI]': nan, 'Effective Area Pburst [PSI]': nan, 'ERF': nan, 'RPR': nan, 'run_year': 2015, 'row_index': 1706, 'distance_raw_m': 10347.316872000001, 'dist_to_us_weld_m': nan, 'clock_position_deg': 180.0, 'length_mm': nan, 'width_mm': nan, 'distance_corrected_m': 10392.877427868394}"
767,572,571,45.498137345288995,45.68053734528985,"{'joint_number': 9420.0, 'J. len [ft]': nan, 'Wt [in]': nan, 'dist_to_us_weld': nan, 'dist_to_ds_weld': nan, 'distance_along_line': 33991.86, 'feature_type': 'Attachment', 'ID/OD': nan, 'depth_percent': nan, 'Depth [in]': nan, 'OD Reduction [%]': nan, 'OD Reduction [in]': nan, 'Comments': 'Repair Marker', 'Anomalies per Joint': nan, 'Tool Velocity [ft/s]': nan, 'Elevation [ft]': 127.61, 'Seam Position (TFI)': nan, 'Tool   (TFI)': nan, 'Seam Anomaly  (TFI)': nan, 'MOP [PSI]': nan, 'SMYS [PSI]': nan, 'Seam Type': nan, 'Pdesign [PSI]': nan, 'B31G Psafe [PSI]': nan, 'B31G Pburst [PSI]': nan, 'Mod B31G Psafe [PSI]': nan, 'Mod B31G Pburst [PSI]': nan, 'Effective Area Psafe [PSI]': nan, 'Effective Area Pburst [PSI]': nan, 'ERF': nan, 'RPR': nan, 'run_year': 2015, 'row_index': 1708, 'distance_raw_m': 10360.718928, 'dist_to_us_weld_m': nan, 'clock_position_deg': 180.0, 'length_mm': nan, 'width_mm': nan, 'distance_corrected_m': 10406.23532934529}"
768,577,576,11.395986278026612,11.402082278029411,"{'joint_number': 9420.0, 'J. len [ft]': nan, 'Wt [in]': nan, 'dist_to_us_weld': nan, 'dist_to_ds_weld': nan, 'distance_along_line': 33992.4, 'feature_type': 'Area Start Sleeve', 'ID/OD': nan, 'depth_percent': nan, 'Depth [in]': nan, 'OD Reduction [%]': nan, 'OD Reduction [in]': nan, 'Comments': '2012 Dig#21', 'Anomalies per Joint': nan, 'Tool Velocity [ft/s]': nan, 'Elevation [ft]': 127.59, 'Seam Position (TFI)': nan, 'Tool   (TFI)': nan, 'Seam Anomaly  (TFI)': nan, 'MOP [PSI]': nan, 'SMYS [PSI]': nan, 'Seam Type': nan, 'Pdesign [PSI]': nan, 'B31G Psafe [PSI]': nan, 'B31G Pburst [PSI]': nan, 'Mod B31G Psafe [PSI]': nan, 'Mod B31G Pburst [PSI]': nan, 'Effective Area Psafe [PSI]': nan, 'Effective Area Pburst [PSI]': nan, 'ERF': nan, 'RPR': nan, 'run_year': 2015, 'row_index': 1709, 'distance_raw_m': 10360.883520000001, 'dist_to_us_weld_m': nan, 'clock_position_deg': nan, 'length_mm': nan, 'width_mm': nan, 'distance_corrected_m': 10406.399306278028}"
769,577,576,12.067077058294672,12.07317305829747,"{'joint_number': 9420.0, 'J. len [ft]': nan, 'Wt [in]': nan, 'dist_to_us_weld': nan, 'dist_to_ds_weld': nan, 'distance_along_line': 33994.61, 'feature_type': 'Area End Sleeve', 'ID/OD': nan, 'depth_percent': nan, 'Depth [in]': nan, 'OD Reduction [%]': nan, 'OD Reduction [in]': nan, 'Comments': '2012 Dig#21', 'Anomalies per Joint': nan, 'Tool Velocity [ft/s]': nan, 'Elevation [ft]': 127.53, 'Seam Position (TFI)': nan, 'Tool   (TFI)': nan, 'Seam Anomaly  (TFI)': nan, 'MOP [PSI]': nan, 'SMYS [PSI]': nan, 'Seam Type': nan, 'Pdesign [PSI]': nan, 'B31G Psafe [PSI]': nan, 'B31G Pburst [PSI]': nan, 'Mod B31G Psafe [PSI]': nan, 'Mod B31G Pburst [PSI]': nan, 'Effective Area Psafe [PSI]': nan, 'Effective Area Pburst [PSI]': nan, 'ERF': nan, 'RPR': nan, 'run_year': 2015, 'row_index': 1710, 'distance_raw_m': 10361.557128, 'dist_to_us_weld_m': nan, 'clock_position_deg': nan, 'length_mm': nan, 'width_mm': nan, 'distance_corrected_m': 10407.070397058296}"
770,572,571,46.560950798205084,46.74335079820594,"{'joint_number': 9420.0, 'J. len [ft]': nan, 'Wt [in]': nan, 'dist_to_us_weld': nan, 'dist_to_ds_weld': nan, 'distance_along_line': 33995.36, 'feature_type': 'Attachment', 'ID/OD': nan, 'depth_percent': nan, 'Depth [in]': nan, 'OD Reduction [%]': nan, 'OD Reduction [in]': nan, 'Comments': 'Repair Marker', 'Anomalies per Joint': nan, 'Tool Velocity [ft/s]': nan, 'Elevation [ft]': 127.51, 'Seam Position (TFI)': nan, 'Tool   (TFI)': nan, 'Seam Anomaly  (TFI)': nan, 'MOP [PSI]': nan, 'SMYS [PSI]': nan, 'Seam Type': nan, 'Pdesign [PSI]': nan, 'B31G Psafe [PSI]': nan, 'B31G Pburst [PSI]': nan, 'Mod B31G Psafe [PSI]': nan, 'Mod B31G Pburst [PSI]': nan, 'Effective Area Psafe [PSI]': nan, 'Effective Area Pburst [PSI]': nan, 'ERF': nan, 'RPR': nan, 'run_year': 2015, 'row_index': 1711, 'distance_raw_m': 10361.785728, 'dist_to_us_weld_m': nan, 'clock_position_deg': 180.0, 'length_mm': nan, 'width_mm': nan, 'distance_corrected_m': 10407.298142798207}"
878,608,609,11.84926802648988,12.050436026489479,"{'joint_number': 10970.0, 'J. len [ft]': nan, 'Wt [in]': nan, 'dist_to_us_weld': nan, 'dist_to_ds_weld': nan, 'distance_along_line': 39547.12, 'feature_type': 'Bend', 'ID/OD': nan, 'depth_percent': nan, 'Depth [in]': nan, 'OD Reduction [%]': nan, 'OD Reduction [in]': nan, 'Comments': '5.5D -  26° - Sag', 'Anomalies per Joint': nan, 'Tool Velocity [ft/s]': nan, 'Elevation [ft]': 23.63, 'Seam Position (TFI)': nan, 'Tool   (TFI)': nan, 'Seam Anomaly  (TFI)': nan, 'MOP [PSI]': nan, 'SMYS [PSI]': nan, 'Seam Type': nan, 'Pdesign [PSI]': nan, 'B31G Psafe [PSI]': nan, 'B31G Pburst [PSI]': nan, 'Mod B31G Psafe [PSI]': nan, 'Mod B31G Pburst [PSI]': nan, 'Effective Area Psafe [PSI]': nan, 'Effective Area Pburst [PSI]': nan, 'ERF': nan, 'RPR': nan, 'run_year': 2015, 'row_index': 1974, 'distance_raw_m': 12053.962176, 'dist_to_us_weld_m': nan, 'clock_position_deg': nan, 'length_mm': nan, 'width_mm': nan, 'distance_corrected_m': 12080.751915973511}"
900,605,604,56.52428915942073,56.72545715942033,"{'joint_number': 11010.0, 'J. len [ft]': nan, 'Wt [in]': nan, 'dist_to_us_weld': nan, 'dist_to_ds_weld': nan, 'distance_along_line': 39655.86, 'feature_type': 'Area End Composite Wrap', 'ID/OD': nan, 'depth_percent': nan, 'Depth [in]': nan, 'OD Reduction [%]': nan, 'OD Reduction [in]': nan, 'Comments': 'Repair Marker @12:00 2012 Dig #25', 'Anomalies per Joint': nan, 'Tool Velocity [ft/s]': nan, 'Elevation [ft]': 79.67, 'Seam Position (TFI)': nan, 'Tool   (TFI)': nan, 'Seam Anomaly  (TFI)': nan, 'MOP [PSI]': nan, 'SMYS [PSI]': nan, 'Seam Type': nan, 'Pdesign [PSI]': nan, 'B31G Psafe [PSI]': nan, 'B31G Pburst [PSI]': nan, 'Mod B31G Psafe [PSI]': nan, 'Mod B31G Pburst [PSI]': nan, 'Effective Area Psafe [PSI]': nan, 'Effective Area Pburst [PSI]': nan, 'ERF': nan, 'RPR': nan, 'run_year': 2015, 'row_index': 2000, 'distance_raw_m': 12087.106128000001, 'dist_to_us_weld_m': nan, 'clock_position_deg': nan, 'length_mm': nan, 'width_mm': nan, 'distance_corrected_m': 12114.571273159421}"
908,612,613,45.9024250108323,46.17064901082995,"{'joint_number': 11070.0, 'J. len [ft]': nan, 'Wt [in]': nan, 'dist_to_us_weld': nan, 'dist_to_ds_weld': nan, 'distance_along_line': 39830.07, 'feature_type': 'Bend', 'ID/OD': nan, 'depth_percent': nan, 'Depth [in]': nan, 'OD Reduction [%]': nan, 'OD Reduction [in]': nan, 'Comments': '5.7D -  20° - Over', 'Anomalies per Joint': nan, 'Tool Velocity [ft/s]': nan, 'Elevation [ft]': 161.02, 'Seam Position (TFI)': nan, 'Tool   (TFI)': nan, 'Seam Anomaly  (TFI)': nan, 'MOP [PSI]': nan, 'SMYS [PSI]': nan, 'Seam Type': nan, 'Pdesign [PSI]': nan, 'B31G Psafe [PSI]': nan, 'B31G Pburst [PSI]': nan, 'Mod B31G Psafe [PSI]': nan, 'Mod B31G Pburst [PSI]': nan, 'Effective Area Psafe [PSI]': nan, 'Effective Area Pburst [PSI]': nan, 'ERF': nan, 'RPR': nan, 'run_year': 2015, 'row_index': 2014, 'distance_raw_m': 12140.205336, 'dist_to_us_weld_m': nan, 'clock_position_deg': nan, 'length_mm': nan, 'width_mm': nan, 'distance_corrected_m': 12158.72495098917}"
980,645,678,20.602051826349765,21.005044173651378,"{'joint_number': 11550.0, 'J. len [ft]': nan, 'Wt [in]': 0.344, 'dist_to_us_weld': -0.85, 'dist_to_ds_weld': 39.23, 'distance_along_line': 41531.53, 'feature_type': 'metal loss', 'ID/OD': 'External', 'depth_percent': 11.0, 'Depth [in]': 0.038, 'OD Reduction [%]': nan, 'OD Reduction [in]': nan, 'Comments': nan, 'Anomalies per Joint': nan, 'Tool Velocity [ft/s]': 0.7, 'Elevation [ft]': 130.78, 'Seam Position (TFI)': nan, 'Tool   (TFI)': 'MFL-A/XT', 'Seam Anomaly  (TFI)': nan, 'MOP [PSI]': 1160.0, 'SMYS [PSI]': 65000.0, 'Seam Type': nan, 'Pdesign [PSI]': 1342.0, 'B31G Psafe [PSI]': nan, 'B31G Pburst [PSI]': nan, 'Mod B31G Psafe [PSI]': nan, 'Mod B31G Pburst [PSI]': nan, 'Effective Area Psafe [PSI]': nan, 'Effective Area Pburst [PSI]': nan, 'ERF': nan, 'RPR': nan, 'run_year': 2015, 'row_index': 2134, 'distance_raw_m': 12658.810344, 'dist_to_us_weld_m': -0.25908000000000003, 'clock_position_deg': 96.0, 'length_mm': 14.985999999999999, 'width_mm': 29.971999999999998, 'distance_corrected_m': 12699.69600382635}"
1018,674,675,10.149058327926323,10.306045672074033,"{'joint_number': 11560.0, 'J. len [ft]': nan, 'Wt [in]': nan, 'dist_to_us_weld': nan, 'dist_to_ds_weld': nan, 'distance_along_line': 41609.33, 'feature_type': 'Attachment', 'ID/OD': nan, 'depth_percent': nan, 'Depth [in]': nan, 'OD Reduction [%]': nan, 'OD Reduction [in]': nan, 'Comments': 'Repair Marker', 'Anomalies per Joint': nan, 'Tool Velocity [ft/s]': nan, 'Elevation [ft]': 128.77, 'Seam Position (TFI)': nan, 'Tool   (TFI)': nan, 'Seam Anomaly  (TFI)': nan, 'MOP [PSI]': nan, 'SMYS [PSI]': nan, 'Seam Type': nan, 'Pdesign [PSI]': nan, 'B31G Psafe [PSI]': nan, 'B31G Pburst [PSI]': nan, 'Mod B31G Psafe [PSI]': nan, 'Mod B31G Pburst [PSI]': nan, 'Effective Area Psafe [PSI]': nan, 'Effective Area Pburst [PSI]': nan, 'ERF': nan, 'RPR': nan, 'run_year': 2015, 'row_index': 2173, 'distance_raw_m': 12682.523784, 'dist_to_us_weld_m': nan, 'clock_position_deg': 180.0, 'length_mm': nan, 'width_mm': nan, 'distance_corrected_m': 12711.511410327927}"
1019,675,674,10.003267072621384,10.07337107262174,"{'joint_number': 11560.0, 'J. len [ft]': nan, 'Wt [in]': nan, 'dist_to_us_weld': nan, 'dist_to_ds_weld': nan, 'distance_along_line': 41609.4, 'feature_type': 'Area Start Composite Wrap', 'ID/OD': nan, 'depth_percent': nan, 'Depth [in]': nan, 'OD Reduction [%]': nan, 'OD Reduction [in]': nan, 'Comments': 'Repair Marker @12:00 2012 Dig #26', 'Anomalies per Joint': nan, 'Tool Velocity [ft/s]': nan, 'Elevation [ft]': 128.78, 'Seam Position (TFI)': nan, 'Tool   (TFI)': nan, 'Seam Anomaly  (TFI)': nan, 'MOP [PSI]': nan, 'SMYS [PSI]': nan, 'Seam Type': nan, 'Pdesign [PSI]': nan, 'B31G Psafe [PSI]': nan, 'B31G Pburst [PSI]': nan, 'Mod B31G Psafe [PSI]': nan, 'Mod B31G Pburst [PSI]': nan, 'Effective Area Psafe [PSI]': nan, 'Effective Area Pburst [PSI]': nan, 'ERF': nan, 'RPR': nan, 'run_year': 2015, 'row_index': 2174, 'distance_raw_m': 12682.54512, 'dist_to_us_weld_m': nan, 'clock_position_deg': nan, 'length_mm': nan, 'width_mm': nan, 'distance_corrected_m': 12711.525723072622}"
1022,676,675,10.20243755627962,10.25476244372112,"{'joint_number': 11560.0, 'J. len [ft]': nan, 'Wt [in]': nan, 'dist_to_us_weld': nan, 'dist_to_ds_weld': nan, 'distance_along_line': 41610.63, 'feature_type': 'Area End Composite Wrap', 'ID/OD': nan, 'depth_percent': nan, 'Depth [in]': nan, 'OD Reduction [%]': nan, 'OD Reduction [in]': nan, 'Comments': 'Repair Marker @12:00 2012 Dig #26', 'Anomalies per Joint': nan, 'Tool Velocity [ft/s]': nan, 'Elevation [ft]': 128.83, 'Seam Position (TFI)': nan, 'Tool   (TFI)': nan, 'Seam Anomaly  (TFI)': nan, 'MOP [PSI]': nan, 'SMYS [PSI]': nan, 'Seam Type': nan, 'Pdesign [PSI]': nan, 'B31G Psafe [PSI]': nan, 'B31G Pburst [PSI]': nan, 'Mod B31G Psafe [PSI]': nan, 'Mod B31G Pburst [PSI]': nan, 'Effective Area Psafe [PSI]': nan, 'Effective Area Pburst [PSI]': nan, 'ERF': nan, 'RPR': nan, 'run_year': 2015, 'row_index': 2177, 'distance_raw_m': 12682.920024, 'dist_to_us_weld_m': nan, 'clock_position_deg': nan, 'length_mm': nan, 'width_mm': nan, 'distance_corrected_m': 12711.777218443722}"
1029,674,675,10.934295999999303,11.069191999998948,"{'joint_number': 11570.0, 'J. len [ft]': nan, 'Wt [in]': nan, 'dist_to_us_weld': nan, 'dist_to_ds_weld': nan, 'distance_along_line': 41612.4, 'feature_type': 'Attachment', 'ID/OD': nan, 'depth_percent': nan, 'Depth [in]': nan, 'OD Reduction [%]': nan, 'OD Reduction [in]': nan, 'Comments': 'Repair Marker', 'Anomalies per Joint': nan, 'Tool Velocity [ft/s]': nan, 'Elevation [ft]': 128.92, 'Seam Position (TFI)': nan, 'Tool   (TFI)': nan, 'Seam Anomaly  (TFI)': nan, 'MOP [PSI]': nan, 'SMYS [PSI]': nan, 'Seam Type': nan, 'Pdesign [PSI]': nan, 'B31G Psafe [PSI]': nan, 'B31G Pburst [PSI]': nan, 'Mod B31G Psafe [PSI]': nan, 'Mod B31G Pburst [PSI]': nan, 'Effective Area Psafe [PSI]': nan, 'Effective Area Pburst [PSI]': nan, 'ERF': nan, 'RPR': nan, 'run_year': 2015, 'row_index': 2185, 'distance_raw_m': 12683.45952, 'dist_to_us_weld_m': nan, 'clock_position_deg': 180.0, 'length_mm': nan, 'width_mm': nan, 'distance_corrected_m': 12712.296648}"
1035,675,674,22.544264000001494,22.709368000001852,"{'joint_number': 11570.0, 'J. len [ft]': nan, 'Wt [in]': nan, 'dist_to_us_weld': nan, 'dist_to_ds_weld': nan, 'distance_along_line': 41650.54, 'feature_type': 'Attachment', 'ID/OD': nan, 'depth_percent': nan, 'Depth [in]': nan, 'OD Reduction [%]': nan, 'OD Reduction [in]': nan, 'Comments': 'Repair Marker 2012 Dig #26 Recoat', 'Anomalies per Joint': nan, 'Tool Velocity [ft/s]': nan, 'Elevation [ft]': 130.81, 'Seam Position (TFI)': nan, 'Tool   (TFI)': nan, 'Seam Anomaly  (TFI)': nan, 'MOP [PSI]': nan, 'SMYS [PSI]': nan, 'Seam Type': nan, 'Pdesign [PSI]': nan, 'B31G Psafe [PSI]': nan, 'B31G Pburst [PSI]': nan, 'Mod B31G Psafe [PSI]': nan, 'Mod B31G Pburst [PSI]': nan, 'Effective Area Psafe [PSI]': nan, 'Effective Area Pburst [PSI]': nan, 'ERF': nan, 'RPR': nan, 'run_year': 2015, 'row_index': 2191, 'distance_raw_m': 12695.084592000001, 'dist_to_us_weld_m': nan, 'clock_position_deg': 165.0, 'length_mm': nan, 'width_mm': nan, 'distance_corrected_m': 12723.921720000002}"
1051,677,676,25.411145580050288,25.499537580049946,"{'joint_number': 11580.0, 'J. len [ft]': nan, 'Wt [in]': nan, 'dist_to_us_weld': nan, 'dist_to_ds_weld': nan, 'distance_along_line': 41662.26, 'feature_type': 'Area End Composite Wrap', 'ID/OD': nan, 'depth_percent': nan, 'Depth [in]': nan, 'OD Reduction [%]': nan, 'OD Reduction [in]': nan, 'Comments': 'Repair Marker @12:00 2012 Dig #26', 'Anomalies per Joint': nan, 'Tool Velocity [ft/s]': nan, 'Elevation [ft]': 131.02, 'Seam Position (TFI)': nan, 'Tool   (TFI)': nan, 'Seam Anomaly  (TFI)': nan, 'MOP [PSI]': nan, 'SMYS [PSI]': nan, 'Seam Type': nan, 'Pdesign [PSI]': nan, 'B31G Psafe [PSI]': nan, 'B31G Pburst [PSI]': nan, 'Mod B31G Psafe [PSI]': nan, 'Mod B31G Pburst [PSI]': nan, 'Effective Area Psafe [PSI]': nan, 'Effective Area Pburst [PSI]': nan, 'ERF': nan, 'RPR': nan, 'run_year': 2015, 'row_index': 2208, 'distance_raw_m': 12698.656848, 'dist_to_us_weld_m': nan, 'clock_position_deg': nan, 'length_mm': nan, 'width_mm': nan, 'distance_corrected_m': 12727.479193580051}"
1053,677,676,27.30503444189526,27.393426441894917,"{'joint_number': 11580.0, 'J. len [ft]': nan, 'Wt [in]': nan, 'dist_to_us_weld': nan, 'dist_to_ds_weld': nan, 'distance_along_line': 41668.5, 'feature_type': 'Area Start Composite Wrap', 'ID/OD': nan, 'depth_percent': nan, 'Depth [in]': nan, 'OD Reduction [%]': nan, 'OD Reduction [in]': nan, 'Comments': 'Repair Marker @12:00 2012 Dig #26', 'Anomalies per Joint': nan, 'Tool Velocity [ft/s]': nan, 'Elevation [ft]': 130.94, 'Seam Position (TFI)': nan, 'Tool   (TFI)': nan, 'Seam Anomaly  (TFI)': nan, 'MOP [PSI]': nan, 'SMYS [PSI]': nan, 'Seam Type': nan, 'Pdesign [PSI]': nan, 'B31G Psafe [PSI]': nan, 'B31G Pburst [PSI]': nan, 'Mod B31G Psafe [PSI]': nan, 'Mod B31G Pburst [PSI]': nan, 'Effective Area Psafe [PSI]': nan, 'Effective Area Pburst [PSI]': nan, 'ERF': nan, 'RPR': nan, 'run_year': 2015, 'row_index': 2210, 'distance_raw_m': 12700.5588, 'dist_to_us_weld_m': nan, 'clock_position_deg': nan, 'length_mm': nan, 'width_mm': nan, 'distance_corrected_m': 12729.373082441896}"
1114,676,675,30.252470204488418,30.709670204489157,"{'joint_number': 11580.0, 'J. len [ft]': nan, 'Wt [in]': nan, 'dist_to_us_weld': nan, 'dist_to_ds_weld': nan, 'distance_along_line': 41677.92, 'feature_type': 'Area End Composite Wrap', 'ID/OD': nan, 'depth_percent': nan, 'Depth [in]': nan, 'OD Reduction [%]': nan, 'OD Reduction [in]': nan, 'Comments': 'Repair Marker @12:00 2012 Dig #26', 'Anomalies per Joint': nan, 'Tool Velocity [ft/s]': nan, 'Elevation [ft]': 130.34, 'Seam Position (TFI)': nan, 'Tool   (TFI)': nan, 'Seam Anomaly  (TFI)': nan, 'MOP [PSI]': nan, 'SMYS [PSI]': nan, 'Seam Type': nan, 'Pdesign [PSI]': nan, 'B31G Psafe [PSI]': nan, 'B31G Pburst [PSI]': nan, 'Mod B31G Psafe [PSI]': nan, 'Mod B31G Pburst [PSI]': nan, 'Effective Area Psafe [PSI]': nan, 'Effective Area Pburst [PSI]': nan, 'ERF': nan, 'RPR': nan, 'run_year': 2015, 'row_index': 2271, 'distance_raw_m': 12703.430016, 'dist_to_us_weld_m': nan, 'clock_position_deg': nan, 'length_mm': nan, 'width_mm': nan, 'distance_corrected_m': 12732.23212620449}"
1115,675,672,30.903231457357396,31.20974345735798,"{'joint_number': 11580.0, 'J. len [ft]': nan, 'Wt [in]': nan, 'dist_to_us_weld': nan, 'dist_to_ds_weld': nan, 'distance_along_line': 41678.08, 'feature_type': 'Attachment', 'ID/OD': nan, 'depth_percent': nan, 'Depth [in]': nan, 'OD Reduction [%]': nan, 'OD Reduction [in]': nan, 'Comments': 'Repair Marker 2012 Dig #26 Recoat', 'Anomalies per Joint': nan, 'Tool Velocity [ft/s]': nan, 'Elevation [ft]': 130.32, 'Seam Position (TFI)': nan, 'Tool   (TFI)': nan, 'Seam Anomaly  (TFI)': nan, 'MOP [PSI]': nan, 'SMYS [PSI]': nan, 'Seam Type': nan, 'Pdesign [PSI]': nan, 'B31G Psafe [PSI]': nan, 'B31G Pburst [PSI]': nan, 'Mod B31G Psafe [PSI]': nan, 'Mod B31G Pburst [PSI]': nan, 'Effective Area Psafe [PSI]': nan, 'Effective Area Pburst [PSI]': nan, 'ERF': nan, 'RPR': nan, 'run_year': 2015, 'row_index': 2272, 'distance_raw_m': 12703.478784, 'dist_to_us_weld_m': nan, 'clock_position_deg': 165.0, 'length_mm': nan, 'width_mm': nan, 'distance_corrected_m': 12732.280687457358}"
1133,657,660,59.85977552776361,59.93823152776189,"{'joint_number': 11590.0, 'J. len [ft]': nan, 'Wt [in]': 0.344, 'dist_to_us_weld': -10.53, 'dist_to_ds_weld': 29.45, 'distance_along_line': 41701.45, 'feature_type': 'cluster', 'ID/OD': 'External', 'depth_percent': 23.0, 'Depth [in]': 0.079, 'OD Reduction [%]': nan, 'OD Reduction [in]': nan, 'Comments': nan, 'Anomalies per Joint': nan, 'Tool Velocity [ft/s]': 0.7, 'Elevation [ft]': 128.51, 'Seam Position (TFI)': nan, 'Tool   (TFI)': nan, 'Seam Anomaly  (TFI)': nan, 'MOP [PSI]': 1160.0, 'SMYS [PSI]': 65000.0, 'Seam Type': nan, 'Pdesign [PSI]': 1342.0, 'B31G Psafe [PSI]': 1460.92, 'B31G Pburst [PSI]': 2028.46, 'Mod B31G Psafe [PSI]': 1531.36, 'Mod B31G Pburst [PSI]': 2126.25, 'Effective Area Psafe [PSI]': 1534.97, 'Effective Area Pburst [PSI]': 2131.26, 'ERF': 0.76, 'RPR': 1.83, 'run_year': 2015, 'row_index': 2291, 'distance_raw_m': 12710.60196, 'dist_to_us_weld_m': -3.209544, 'clock_position_deg': 306.0, 'length_mm': 28.955999999999996, 'width_mm': 99.568, 'distance_corrected_m': 12739.366399527764}"
1473,720,715,58.99511096407291,59.23402296407158,"{'joint_number': 12410.0, 'J. len [ft]': nan, 'Wt [in]': 0.344, 'dist_to_us_weld': -39.33, 'dist_to_ds_weld': 0.75, 'distance_along_line': 44708.99, 'feature_type': 'metal loss', 'ID/OD': 'External', 'depth_percent': 28.0, 'Depth [in]': 0.096, 'OD Reduction [%]': nan, 'OD Reduction [in]': nan, 'Comments': nan, 'Anomalies per Joint': nan, 'Tool Velocity [ft/s]': 0.7, 'Elevation [ft]': 139.99, 'Seam Position (TFI)': nan, 'Tool   (TFI)': 'MFL-A/XT', 'Seam Anomaly  (TFI)': nan, 'MOP [PSI]': 1160.0, 'SMYS [PSI]': 65000.0, 'Seam Type': nan, 'Pdesign [PSI]': 1342.0, 'B31G Psafe [PSI]': 1470.01, 'B31G Pburst [PSI]': 2041.07, 'Mod B31G Psafe [PSI]': 1541.55, 'Mod B31G Pburst [PSI]': 2140.4, 'Effective Area Psafe [PSI]': 1542.26, 'Effective Area Pburst [PSI]': 2141.39, 'ERF': 0.75, 'RPR': 1.85, 'run_year': 2015, 'row_index': 2713, 'distance_raw_m': 13627.300152, 'dist_to_us_weld_m': -11.987784, 'clock_position_deg': 144.0, 'length_mm': 16.002, 'width_mm': 26.924, 'distance_corrected_m': 13666.460798964074}"
1475,715,720,54.4675733832347,54.838261383236016,"{'joint_number': 12410.0, 'J. len [ft]': nan, 'Wt [in]': 0.344, 'dist_to_us_weld': -39.73, 'dist_to_ds_weld': 0.35, 'distance_along_line': 44709.39, 'feature_type': 'metal loss', 'ID/OD': 'External', 'depth_percent': 23.0, 'Depth [in]': 0.079, 'OD Reduction [%]': nan, 'OD Reduction [in]': nan, 'Comments': nan, 'Anomalies per Joint': nan, 'Tool Velocity [ft/s]': 0.7, 'Elevation [ft]': 139.97, 'Seam Position (TFI)': nan, 'Tool   (TFI)': 'MFL-A/XT', 'Seam Anomaly  (TFI)': nan, 'MOP [PSI]': 1160.0, 'SMYS [PSI]': 65000.0, 'Seam Type': nan, 'Pdesign [PSI]': 1342.0, 'B31G Psafe [PSI]': 1469.96, 'B31G Pburst [PSI]': 2041.0, 'Mod B31G Psafe [PSI]': 1541.58, 'Mod B31G Pburst [PSI]': 2140.44, 'Effective Area Psafe [PSI]': 1542.1, 'Effective Area Pburst [PSI]': 2141.17, 'ERF': 0.75, 'RPR': 1.85, 'run_year': 2015, 'row_index': 2715, 'distance_raw_m': 13627.422072000001, 'dist_to_us_weld_m': -12.109703999999999, 'clock_position_deg': 145.0, 'length_mm': 18.034, 'width_mm': 32.004, 'distance_corrected_m': 13666.582749383237}"
1613,727,728,55.19333688968982,55.19333688968982,"{'joint_number': 12540.0, 'J. len [ft]': nan, 'Wt [in]': nan, 'dist_to_us_weld': nan, 'dist_to_ds_weld': nan, 'distance_along_line': 45182.53, 'feature_type': 'Area Start Composite Wrap', 'ID/OD': nan, 'depth_percent': nan, 'Depth [in]': nan, 'OD Reduction [%]': nan, 'OD Reduction [in]': nan, 'Comments': 'Repair Marker @12:00 2012 Dig #30', 'Anomalies per Joint': nan, 'Tool Velocity [ft/s]': nan, 'Elevation [ft]': 165.4, 'Seam Position (TFI)': nan, 'Tool   (TFI)': nan, 'Seam Anomaly  (TFI)': nan, 'MOP [PSI]': nan, 'SMYS [PSI]': nan, 'Seam Type': nan, 'Pdesign [PSI]': nan, 'B31G Psafe [PSI]': nan, 'B31G Pburst [PSI]': nan, 'Mod B31G Psafe [PSI]': nan, 'Mod B31G Pburst [PSI]': nan, 'Effective Area Psafe [PSI]': nan, 'Effective Area Pburst [PSI]': nan, 'ERF': nan, 'RPR': nan, 'run_year': 2015, 'row_index': 2866, 'distance_raw_m': 13771.635144, 'dist_to_us_weld_m': nan, 'clock_position_deg': nan, 'length_mm': nan, 'width_mm': nan, 'distance_corrected_m': 13795.373608889691}"
1616,727,728,56.016543913552596,56.016543913552596,"{'joint_number': 12540.0, 'J. len [ft]': nan, 'Wt [in]': nan, 'dist_to_us_weld': nan, 'dist_to_ds_weld': nan, 'distance_along_line': 45184.03, 'feature_type': 'Area End Composite Wrap', 'ID/OD': nan, 'depth_percent': nan, 'Depth [in]': nan, 'OD Reduction [%]': nan, 'OD Reduction [in]': nan, 'Comments': 'Repair Marker @12:00 2012 Dig #30', 'Anomalies per Joint': nan, 'Tool Velocity [ft/s]': nan, 'Elevation [ft]': 165.49, 'Seam Position (TFI)': nan, 'Tool   (TFI)': nan, 'Seam Anomaly  (TFI)': nan, 'MOP [PSI]': nan, 'SMYS [PSI]': nan, 'Seam Type': nan, 'Pdesign [PSI]': nan, 'B31G Psafe [PSI]': nan, 'B31G Pburst [PSI]': nan, 'Mod B31G Psafe [PSI]': nan, 'Mod B31G Pburst [PSI]': nan, 'Effective Area Psafe [PSI]': nan, 'Effective Area Pburst [PSI]': nan, 'ERF': nan, 'RPR': nan, 'run_year': 2015, 'row_index': 2869, 'distance_raw_m': 13772.092344, 'dist_to_us_weld_m': nan, 'clock_position_deg': nan, 'length_mm': nan, 'width_mm': nan, 'distance_corrected_m': 13796.196815913554}"
1826,765,766,20.431648089797818,20.43774408979698,"{'joint_number': 13100.0, 'J. len [ft]': nan, 'Wt [in]': nan, 'dist_to_us_weld': nan, 'dist_to_ds_weld': nan, 'distance_along_line': 47191.06, 'feature_type': 'Area Start Sleeve', 'ID/OD': nan, 'depth_percent': nan, 'Depth [in]': nan, 'OD Reduction [%]': nan, 'OD Reduction [in]': nan, 'Comments': '2012 Dig #33', 'Anomalies per Joint': nan, 'Tool Velocity [ft/s]': nan, 'Elevation [ft]': 145.14, 'Seam Position (TFI)': nan, 'Tool   (TFI)': nan, 'Seam Anomaly  (TFI)': nan, 'MOP [PSI]': nan, 'SMYS [PSI]': nan, 'Seam Type': nan, 'Pdesign [PSI]': nan, 'B31G Psafe [PSI]': nan, 'B31G Pburst [PSI]': nan, 'Mod B31G Psafe [PSI]': nan, 'Mod B31G Pburst [PSI]': nan, 'Effective Area Psafe [PSI]': nan, 'Effective Area Pburst [PSI]': nan, 'ERF': nan, 'RPR': nan, 'run_year': 2015, 'row_index': 3135, 'distance_raw_m': 14383.835088, 'dist_to_us_weld_m': nan, 'clock_position_deg': nan, 'length_mm': nan, 'width_mm': nan, 'distance_corrected_m': 14396.312207910203}"
1828,765,766,20.039154035419415,20.045250035418576,"{'joint_number': 13100.0, 'J. len [ft]': nan, 'Wt [in]': nan, 'dist_to_us_weld': nan, 'dist_to_ds_weld': nan, 'distance_along_line': 47192.89, 'feature_type': 'Area End Sleeve', 'ID/OD': nan, 'depth_percent': nan, 'Depth [in]': nan, 'OD Reduction [%]': nan, 'OD Reduction [in]': nan, 'Comments': '2012 Dig #33', 'Anomalies per Joint': nan, 'Tool Velocity [ft/s]': nan, 'Elevation [ft]': 144.5, 'Seam Position (TFI)': nan, 'Tool   (TFI)': nan, 'Seam Anomaly  (TFI)': nan, 'MOP [PSI]': nan, 'SMYS [PSI]': nan, 'Seam Type': nan, 'Pdesign [PSI]': nan, 'B31G Psafe [PSI]': nan, 'B31G Pburst [PSI]': nan, 'Mod B31G Psafe [PSI]': nan, 'Mod B31G Pburst [PSI]': nan, 'Effective Area Psafe [PSI]': nan, 'Effective Area Pburst [PSI]': nan, 'ERF': nan, 'RPR': nan, 'run_year': 2015, 'row_index': 3137, 'distance_raw_m': 14384.392872, 'dist_to_us_weld_m': nan, 'clock_position_deg': nan, 'length_mm': nan, 'width_mm': nan, 'distance_corrected_m': 14396.704701964582}"
1837,767,768,27.36264120141277,27.640009201413704,"{'joint_number': 13110.0, 'J. len [ft]': nan, 'Wt [in]': nan, 'dist_to_us_weld': nan, 'dist_to_ds_weld': nan, 'distance_along_line': 47219.81, 'feature_type': 'Area End Sleeve', 'ID/OD': nan, 'depth_percent': nan, 'Depth [in]': nan, 'OD Reduction [%]': nan, 'OD Reduction [in]': nan, 'Comments': '2012 Dig #33', 'Anomalies per Joint': nan, 'Tool Velocity [ft/s]': nan, 'Elevation [ft]': 135.65, 'Seam Position (TFI)': nan, 'Tool   (TFI)': nan, 'Seam Anomaly  (TFI)': nan, 'MOP [PSI]': nan, 'SMYS [PSI]': nan, 'Seam Type': nan, 'Pdesign [PSI]': nan, 'B31G Psafe [PSI]': nan, 'B31G Pburst [PSI]': nan, 'Mod B31G Psafe [PSI]': nan, 'Mod B31G Pburst [PSI]': nan, 'Effective Area Psafe [PSI]': nan, 'Effective Area Pburst [PSI]': nan, 'ERF': nan, 'RPR': nan, 'run_year': 2015, 'row_index': 3147, 'distance_raw_m': 14392.598088, 'dist_to_us_weld_m': nan, 'clock_position_deg': nan, 'length_mm': nan, 'width_mm': nan, 'distance_corrected_m': 14399.162246798587}"
1839,767,768,21.3906835249054,21.668051524906332,"{'joint_number': 13130.0, 'J. len [ft]': nan, 'Wt [in]': nan, 'dist_to_us_weld': nan, 'dist_to_ds_weld': nan, 'distance_along_line': 47239.23, 'feature_type': 'Bend', 'ID/OD': nan, 'depth_percent': nan, 'Depth [in]': nan, 'OD Reduction [%]': nan, 'OD Reduction [in]': nan, 'Comments': '6.1D -  16° - Sag', 'Anomalies per Joint': nan, 'Tool Velocity [ft/s]': nan, 'Elevation [ft]': 132.19, 'Seam Position (TFI)': nan, 'Tool   (TFI)': nan, 'Seam Anomaly  (TFI)': nan, 'MOP [PSI]': nan, 'SMYS [PSI]': nan, 'Seam Type': nan, 'Pdesign [PSI]': nan, 'B31G Psafe [PSI]': nan, 'B31G Pburst [PSI]': nan, 'Mod B31G Psafe [PSI]': nan, 'Mod B31G Pburst [PSI]': nan, 'Effective Area Psafe [PSI]': nan, 'Effective Area Pburst [PSI]': nan, 'ERF': nan, 'RPR': nan, 'run_year': 2015, 'row_index': 3151, 'distance_raw_m': 14398.517304, 'dist_to_us_weld_m': nan, 'clock_position_deg': nan, 'length_mm': nan, 'width_mm': nan, 'distance_corrected_m': 14405.134204475095}"
1894,782,781,12.860895578945929,13.201576421055506,"{'joint_number': 13560.0, 'J. len [ft]': nan, 'Wt [in]': nan, 'dist_to_us_weld': nan, 'dist_to_ds_weld': nan, 'distance_along_line': 48594.98, 'feature_type': 'Bend', 'ID/OD': nan, 'depth_percent': nan, 'Depth [in]': nan, 'OD Reduction [%]': nan, 'OD Reduction [in]': nan, 'Comments': '5.8D -  32° - Over', 'Anomalies per Joint': nan, 'Tool Velocity [ft/s]': nan, 'Elevation [ft]': 109.88, 'Seam Position (TFI)': nan, 'Tool   (TFI)': nan, 'Seam Anomaly  (TFI)': nan, 'MOP [PSI]': nan, 'SMYS [PSI]': nan, 'Seam Type': nan, 'Pdesign [PSI]': nan, 'B31G Psafe [PSI]': nan, 'B31G Pburst [PSI]': nan, 'Mod B31G Psafe [PSI]': nan, 'Mod B31G Pburst [PSI]': nan, 'Effective Area Psafe [PSI]': nan, 'Effective Area Pburst [PSI]': nan, 'ERF': nan, 'RPR': nan, 'run_year': 2015, 'row_index': 3249, 'distance_raw_m': 14811.749904000002, 'dist_to_us_weld_m': nan, 'clock_position_deg': nan, 'length_mm': nan, 'width_mm': nan, 'distance_corrected_m': 14808.965208421056}"
1910,790,789,39.72514548651619,39.93698548651744,"{'joint_number': 14040.0, 'J. len [ft]': nan, 'Wt [in]': 0.344, 'dist_to_us_weld': -37.63, 'dist_to_ds_weld': 2.41, 'distance_along_line': 50246.66, 'feature_type': 'metal loss', 'ID/OD': 'External', 'depth_percent': 11.0, 'Depth [in]': 0.038, 'OD Reduction [%]': nan, 'OD Reduction [in]': nan, 'Comments': nan, 'Anomalies per Joint': nan, 'Tool Velocity [ft/s]': 0.7, 'Elevation [ft]': 148.68, 'Seam Position (TFI)': nan, 'Tool   (TFI)': 'MFL-A/XT', 'Seam Anomaly  (TFI)': nan, 'MOP [PSI]': 1160.0, 'SMYS [PSI]': 65000.0, 'Seam Type': nan, 'Pdesign [PSI]': 1342.0, 'B31G Psafe [PSI]': nan, 'B31G Pburst [PSI]': nan, 'Mod B31G Psafe [PSI]': nan, 'Mod B31G Pburst [PSI]': nan, 'Effective Area Psafe [PSI]': nan, 'Effective Area Pburst [PSI]': nan, 'ERF': nan, 'RPR': nan, 'run_year': 2015, 'row_index': 3313, 'distance_raw_m': 15315.181968000003, 'dist_to_us_weld_m': -11.469624000000001, 'clock_position_deg': 290.0, 'length_mm': 28.955999999999996, 'width_mm': 48.00599999999999, 'distance_corrected_m': 15335.299681486516}"
1914,793,792,51.657236869568806,51.80963686956966,"{'joint_number': 14050.0, 'J. len [ft]': nan, 'Wt [in]': nan, 'dist_to_us_weld': nan, 'dist_to_ds_weld': nan, 'distance_along_line': 50254.44, 'feature_type': 'Bend', 'ID/OD': nan, 'depth_percent': nan, 'Depth [in]': nan, 'OD Reduction [%]': nan, 'OD Reduction [in]': nan, 'Comments': '5.9D -  26° - Sag', 'Anomalies per Joint': nan, 'Tool Velocity [ft/s]': nan, 'Elevation [ft]': 146.87, 'Seam Position (TFI)': nan, 'Tool   (TFI)': nan, 'Seam Anomaly  (TFI)': nan, 'MOP [PSI]': nan, 'SMYS [PSI]': nan, 'Seam Type': nan, 'Pdesign [PSI]': nan, 'B31G Psafe [PSI]': nan, 'B31G Pburst [PSI]': nan, 'Mod B31G Psafe [PSI]': nan, 'Mod B31G Pburst [PSI]': nan, 'Effective Area Psafe [PSI]': nan, 'Effective Area Pburst [PSI]': nan, 'ERF': nan, 'RPR': nan, 'run_year': 2015, 'row_index': 3318, 'distance_raw_m': 15317.553312000002, 'dist_to_us_weld_m': nan, 'clock_position_deg': nan, 'length_mm': nan, 'width_mm': nan, 'distance_corrected_m': 15342.81535686957}"
1982,810,809,10.002000965447223,10.104679034551737,"{'joint_number': 14870.0, 'J. len [ft]': nan, 'Wt [in]': nan, 'dist_to_us_weld': nan, 'dist_to_ds_weld': nan, 'distance_along_line': 53075.12, 'feature_type': 'AGM', 'ID/OD': nan, 'depth_percent': nan, 'Depth [in]': nan, 'OD Reduction [%]': nan, 'OD Reduction [in]': nan, 'Comments': 'AGM#21 AT A/M LF 10/ ON ROW', 'Anomalies per Joint': nan, 'Tool Velocity [ft/s]': nan, 'Elevation [ft]': 171.46, 'Seam Position (TFI)': nan, 'Tool   (TFI)': nan, 'Seam Anomaly  (TFI)': nan, 'MOP [PSI]': nan, 'SMYS [PSI]': nan, 'Seam Type': nan, 'Pdesign [PSI]': nan, 'B31G Psafe [PSI]': nan, 'B31G Pburst [PSI]': nan, 'Mod B31G Psafe [PSI]': nan, 'Mod B31G Pburst [PSI]': nan, 'Effective Area Psafe [PSI]': nan, 'Effective Area Pburst [PSI]': nan, 'ERF': nan, 'RPR': nan, 'run_year': 2015, 'row_index': 3468, 'distance_raw_m': 16177.296576000002, 'dist_to_us_weld_m': nan, 'clock_position_deg': nan, 'length_mm': nan, 'width_mm': nan, 'distance_corrected_m': 16211.843655034554}"
2051,828,829,49.07074341489715,49.56451941490013,"{'joint_number': 15970.0, 'J. len [ft]': nan, 'Wt [in]': nan, 'dist_to_us_weld': nan, 'dist_to_ds_weld': nan, 'distance_along_line': 57031.39, 'feature_type': 'Bend', 'ID/OD': nan, 'depth_percent': nan, 'Depth [in]': nan, 'OD Reduction [%]': nan, 'OD Reduction [in]': nan, 'Comments': '6.8D -  57° - Sag', 'Anomalies per Joint': nan, 'Tool Velocity [ft/s]': nan, 'Elevation [ft]': 149.05, 'Seam Position (TFI)': nan, 'Tool   (TFI)': nan, 'Seam Anomaly  (TFI)': nan, 'MOP [PSI]': nan, 'SMYS [PSI]': nan, 'Seam Type': nan, 'Pdesign [PSI]': nan, 'B31G Psafe [PSI]': nan, 'B31G Pburst [PSI]': nan, 'Mod B31G Psafe [PSI]': nan, 'Mod B31G Pburst [PSI]': nan, 'Effective Area Psafe [PSI]': nan, 'Effective Area Pburst [PSI]': nan, 'ERF': nan, 'RPR': nan, 'run_year': 2015, 'row_index': 3647, 'distance_raw_m': 17383.167672, 'dist_to_us_weld_m': nan, 'clock_position_deg': nan, 'length_mm': nan, 'width_mm': nan, 'distance_corrected_m': 17393.224592585102}"
2052,828,829,28.53645818181758,29.03023418182056,"{'joint_number': 16000.0, 'J. len [ft]': nan, 'Wt [in]': nan, 'dist_to_us_weld': nan, 'dist_to_ds_weld': nan, 'distance_along_line': 57116.16, 'feature_type': 'Bend', 'ID/OD': nan, 'depth_percent': nan, 'Depth [in]': nan, 'OD Reduction [%]': nan, 'OD Reduction [in]': nan, 'Comments': '6.5D -  48° - Over', 'Anomalies per Joint': nan, 'Tool Velocity [ft/s]': nan, 'Elevation [ft]': 178.29, 'Seam Position (TFI)': nan, 'Tool   (TFI)': nan, 'Seam Anomaly  (TFI)': nan, 'MOP [PSI]': nan, 'SMYS [PSI]': nan, 'Seam Type': nan, 'Pdesign [PSI]': nan, 'B31G Psafe [PSI]': nan, 'B31G Pburst [PSI]': nan, 'Mod B31G Psafe [PSI]': nan, 'Mod B31G Pburst [PSI]': nan, 'Effective Area Psafe [PSI]': nan, 'Effective Area Pburst [PSI]': nan, 'ERF': nan, 'RPR': nan, 'run_year': 2015, 'row_index': 3651, 'distance_raw_m': 17409.005568, 'dist_to_us_weld_m': nan, 'clock_position_deg': nan, 'length_mm': nan, 'width_mm': nan, 'distance_corrected_m': 17413.75887781818}"
2053,828,829,11.915407398082607,12.409183398085588,"{'joint_number': 16030.0, 'J. len [ft]': nan, 'Wt [in]': nan, 'dist_to_us_weld': nan, 'dist_to_ds_weld': nan, 'distance_along_line': 57185.63, 'feature_type': 'Bend', 'ID/OD': nan, 'depth_percent': nan, 'Depth [in]': nan, 'OD Reduction [%]': nan, 'OD Reduction [in]': nan, 'Comments': '15.0D -  90° - Right', 'Anomalies per Joint': nan, 'Tool Velocity [ft/s]': nan, 'Elevation [ft]': 184.27, 'Seam Position (TFI)': nan, 'Tool   (TFI)': nan, 'Seam Anomaly  (TFI)': nan, 'MOP [PSI]': nan, 'SMYS [PSI]': nan, 'Seam Type': nan, 'Pdesign [PSI]': nan, 'B31G Psafe [PSI]': nan, 'B31G Pburst [PSI]': nan, 'Mod B31G Psafe [PSI]': nan, 'Mod B31G Pburst [PSI]': nan, 'Effective Area Psafe [PSI]': nan, 'Effective Area Pburst [PSI]': nan, 'ERF': nan, 'RPR': nan, 'run_year': 2015, 'row_index': 3655, 'distance_raw_m': 17430.180024, 'dist_to_us_weld_m': nan, 'clock_position_deg': nan, 'length_mm': nan, 'width_mm': nan, 'distance_corrected_m': 17430.379928601917}"
2054,828,829,10.521399803008535,11.015175803011516,"{'joint_number': 16040.0, 'J. len [ft]': nan, 'Wt [in]': nan, 'dist_to_us_weld': nan, 'dist_to_ds_weld': nan, 'distance_along_line': 57205.77, 'feature_type': 'Area Start Casing', 'ID/OD': nan, 'depth_percent': nan, 'Depth [in]': nan, 'OD Reduction [%]': nan, 'OD Reduction [in]': nan, 'Comments': nan, 'Anomalies per Joint': nan, 'Tool Velocity [ft/s]': nan, 'Elevation [ft]': 184.58, 'Seam Position (TFI)': nan, 'Tool   (TFI)': nan, 'Seam Anomaly  (TFI)': nan, 'MOP [PSI]': nan, 'SMYS [PSI]': nan, 'Seam Type': nan, 'Pdesign [PSI]': nan, 'B31G Psafe [PSI]': nan, 'B31G Pburst [PSI]': nan, 'Mod B31G Psafe [PSI]': nan, 'Mod B31G Pburst [PSI]': nan, 'Effective Area Psafe [PSI]': nan, 'Effective Area Pburst [PSI]': nan, 'ERF': nan, 'RPR': nan, 'run_year': 2015, 'row_index': 3657, 'distance_raw_m': 17436.318696, 'dist_to_us_weld_m': nan, 'clock_position_deg': nan, 'length_mm': nan, 'width_mm': nan, 'distance_corrected_m': 17431.77393619699}"
2055,829,828,10.18250890287527,10.311267097127711,"{'joint_number': 16050.0, 'J. len [ft]': nan, 'Wt [in]': nan, 'dist_to_us_weld': nan, 'dist_to_ds_weld': nan, 'distance_along_line': 57217.8, 'feature_type': 'Area End Casing', 'ID/OD': nan, 'depth_percent': nan, 'Depth [in]': nan, 'OD Reduction [%]': nan, 'OD Reduction [in]': nan, 'Comments': nan, 'Anomalies per Joint': nan, 'Tool Velocity [ft/s]': nan, 'Elevation [ft]': 184.67, 'Seam Position (TFI)': nan, 'Tool   (TFI)': nan, 'Seam Anomaly  (TFI)': nan, 'MOP [PSI]': nan, 'SMYS [PSI]': nan, 'Seam Type': nan, 'Pdesign [PSI]': nan, 'B31G Psafe [PSI]': nan, 'B31G Pburst [PSI]': nan, 'Mod B31G Psafe [PSI]': nan, 'Mod B31G Pburst [PSI]': nan, 'Effective Area Psafe [PSI]': nan, 'Effective Area Pburst [PSI]': nan, 'ERF': nan, 'RPR': nan, 'run_year': 2015, 'row_index': 3659, 'distance_raw_m': 17439.98544, 'dist_to_us_weld_m': nan, 'clock_position_deg': nan, 'length_mm': nan, 'width_mm': nan, 'distance_corrected_m': 17432.606603097127}"
2056,829,828,10.20302348563564,10.696799485638621,"{'joint_number': 16050.0, 'J. len [ft]': nan, 'Wt [in]': nan, 'dist_to_us_weld': nan, 'dist_to_ds_weld': nan, 'distance_along_line': 57223.37, 'feature_type': 'Bend', 'ID/OD': nan, 'depth_percent': nan, 'Depth [in]': nan, 'OD Reduction [%]': nan, 'OD Reduction [in]': nan, 'Comments': '20.0D -  60° - Sag', 'Anomalies per Joint': nan, 'Tool Velocity [ft/s]': nan, 'Elevation [ft]': 185.09, 'Seam Position (TFI)': nan, 'Tool   (TFI)': nan, 'Seam Anomaly  (TFI)': nan, 'MOP [PSI]': nan, 'SMYS [PSI]': nan, 'Seam Type': nan, 'Pdesign [PSI]': nan, 'B31G Psafe [PSI]': nan, 'B31G Pburst [PSI]': nan, 'Mod B31G Psafe [PSI]': nan, 'Mod B31G Pburst [PSI]': nan, 'Effective Area Psafe [PSI]': nan, 'Effective Area Pburst [PSI]': nan, 'ERF': nan, 'RPR': nan, 'run_year': 2015, 'row_index': 3660, 'distance_raw_m': 17441.683176000002, 'dist_to_us_weld_m': nan, 'clock_position_deg': nan, 'length_mm': nan, 'width_mm': nan, 'distance_corrected_m': 17432.992135485638}"
2057,831,832,10.050127299593441,10.480224700408144,"{'joint_number': 16080.0, 'J. len [ft]': nan, 'Wt [in]': nan, 'dist_to_us_weld': nan, 'dist_to_ds_weld': nan, 'distance_along_line': 57280.83, 'feature_type': 'AGM', 'ID/OD': nan, 'depth_percent': nan, 'Depth [in]': nan, 'OD Reduction [%]': nan, 'OD Reduction [in]': nan, 'Comments': 'RECEIVER VALVE 22\'7"" U/S OF DOOR', 'Anomalies per Joint': nan, 'Tool Velocity [ft/s]': nan, 'Elevation [ft]': 206.35, 'Seam Position (TFI)': nan, 'Tool   (TFI)': nan, 'Seam Anomaly  (TFI)': nan, 'MOP [PSI]': nan, 'SMYS [PSI]': nan, 'Seam Type': nan, 'Pdesign [PSI]': nan, 'B31G Psafe [PSI]': nan, 'B31G Pburst [PSI]': nan, 'Mod B31G Psafe [PSI]': nan, 'Mod B31G Pburst [PSI]': nan, 'Effective Area Psafe [PSI]': nan, 'Effective Area Pburst [PSI]': nan, 'ERF': nan, 'RPR': nan, 'run_year': 2015, 'row_index': 3664, 'distance_raw_m': 17459.196984000002, 'dist_to_us_weld_m': nan, 'clock_position_deg': nan, 'length_mm': nan, 'width_mm': nan, 'distance_corrected_m': 17436.969279299592}"
2058,831,833,10.555403140908311,10.694276859092497,"{'joint_number': 16090.0, 'J. len [ft]': nan, 'Wt [in]': nan, 'dist_to_us_weld': nan, 'dist_to_ds_weld': nan, 'distance_along_line': 57288.13, 'feature_type': 'Magnet', 'ID/OD': nan, 'depth_percent': nan, 'Depth [in]': nan, 'OD Reduction [%]': nan, 'OD Reduction [in]': nan, 'Comments': 'ROSEN', 'Anomalies per Joint': nan, 'Tool Velocity [ft/s]': nan, 'Elevation [ft]': 209.12, 'Seam Position (TFI)': nan, 'Tool   (TFI)': nan, 'Seam Anomaly  (TFI)': nan, 'MOP [PSI]': nan, 'SMYS [PSI]': nan, 'Seam Type': nan, 'Pdesign [PSI]': nan, 'B31G Psafe [PSI]': nan, 'B31G Pburst [PSI]': nan, 'Mod B31G Psafe [PSI]': nan, 'Mod B31G Pburst [PSI]': nan, 'Effective Area Psafe [PSI]': nan, 'Effective Area Pburst [PSI]': nan, 'ERF': nan, 'RPR': nan, 'run_year': 2015, 'row_index': 3666, 'distance_raw_m': 17461.422024, 'dist_to_us_weld_m': nan, 'clock_position_deg': 0.0, 'length_mm': nan, 'width_mm': nan, 'distance_corrected_m': 17437.474555140907}"
2061,834,835,11.446007058824762,11.558783058822883,"{'joint_number': 16110.0, 'J. len [ft]': nan, 'Wt [in]': 0.5, 'dist_to_us_weld': nan, 'dist_to_ds_weld': nan, 'distance_along_line': 57304.88, 'feature_type': 'Flange', 'ID/OD': nan, 'depth_percent': nan, 'Depth [in]': nan, 'OD Reduction [%]': nan, 'OD Reduction [in]': nan, 'Comments': nan, 'Anomalies per Joint': nan, 'Tool Velocity [ft/s]': 3.9, 'Elevation [ft]': 212.17, 'Seam Position (TFI)': nan, 'Tool   (TFI)': nan, 'Seam Anomaly  (TFI)': nan, 'MOP [PSI]': 1160.0, 'SMYS [PSI]': 60000.0, 'Seam Type': nan, 'Pdesign [PSI]': 1800.0, 'B31G Psafe [PSI]': nan, 'B31G Pburst [PSI]': nan, 'Mod B31G Psafe [PSI]': nan, 'Mod B31G Pburst [PSI]': nan, 'Effective Area Psafe [PSI]': nan, 'Effective Area Pburst [PSI]': nan, 'ERF': nan, 'RPR': nan, 'run_year': 2015, 'row_index': 3669, 'distance_raw_m': 17466.527424, 'dist_to_us_weld_m': nan, 'clock_position_deg': nan, 'length_mm': nan, 'width_mm': nan, 'distance_corrected_m': 17438.633920941178}"
2063,835,836,11.132413307794195,11.559133307793672,"{'joint_number': 16110.0, 'J. len [ft]': nan, 'Wt [in]': nan, 'dist_to_us_weld': nan, 'dist_to_ds_weld': nan, 'distance_along_line': 57311.04, 'feature_type': 'Tap', 'ID/OD': nan, 'depth_percent': nan, 'Depth [in]': nan, 'OD Reduction [%]': nan, 'OD Reduction [in]': nan, 'Comments': nan, 'Anomalies per Joint': nan, 'Tool Velocity [ft/s]': nan, 'Elevation [ft]': 212.2, 'Seam Position (TFI)': nan, 'Tool   (TFI)': nan, 'Seam Anomaly  (TFI)': nan, 'MOP [PSI]': nan, 'SMYS [PSI]': nan, 'Seam Type': nan, 'Pdesign [PSI]': nan, 'B31G Psafe [PSI]': nan, 'B31G Pburst [PSI]': nan, 'Mod B31G Psafe [PSI]': nan, 'Mod B31G Pburst [PSI]': nan, 'Effective Area Psafe [PSI]': nan, 'Effective Area Pburst [PSI]': nan, 'ERF': nan, 'RPR': nan, 'run_year': 2015, 'row_index': 3671, 'distance_raw_m': 17468.404992, 'dist_to_us_weld_m': nan, 'clock_position_deg': 270.0, 'length_mm': nan, 'width_mm': nan, 'distance_corrected_m': 17439.060290692207}"
2064,835,836,11.039664043775701,11.466384043775179,"{'joint_number': 16110.0, 'J. len [ft]': nan, 'Wt [in]': nan, 'dist_to_us_weld': nan, 'dist_to_ds_weld': nan, 'distance_along_line': 57312.38, 'feature_type': 'Valve', 'ID/OD': nan, 'depth_percent': nan, 'Depth [in]': nan, 'OD Reduction [%]': nan, 'OD Reduction [in]': nan, 'Comments': nan, 'Anomalies per Joint': nan, 'Tool Velocity [ft/s]': nan, 'Elevation [ft]': 212.2, 'Seam Position (TFI)': nan, 'Tool   (TFI)': nan, 'Seam Anomaly  (TFI)': nan, 'MOP [PSI]': nan, 'SMYS [PSI]': nan, 'Seam Type': nan, 'Pdesign [PSI]': nan, 'B31G Psafe [PSI]': nan, 'B31G Pburst [PSI]': nan, 'Mod B31G Psafe [PSI]': nan, 'Mod B31G Pburst [PSI]': nan, 'Effective Area Psafe [PSI]': nan, 'Effective Area Pburst [PSI]': nan, 'ERF': nan, 'RPR': nan, 'run_year': 2015, 'row_index': 3672, 'distance_raw_m': 17468.813424, 'dist_to_us_weld_m': nan, 'clock_position_deg': nan, 'length_mm': nan, 'width_mm': nan, 'distance_corrected_m': 17439.153039956225}"
2065,835,836,10.950375573185738,11.377095573185215,"{'joint_number': 16110.0, 'J. len [ft]': nan, 'Wt [in]': nan, 'dist_to_us_weld': nan, 'dist_to_ds_weld': nan, 'distance_along_line': 57313.67, 'feature_type': 'Tap', 'ID/OD': nan, 'depth_percent': nan, 'Depth [in]': nan, 'OD Reduction [%]': nan, 'OD Reduction [in]': nan, 'Comments': nan, 'Anomalies per Joint': nan, 'Tool Velocity [ft/s]': nan, 'Elevation [ft]': 212.21, 'Seam Position (TFI)': nan, 'Tool   (TFI)': nan, 'Seam Anomaly  (TFI)': nan, 'MOP [PSI]': nan, 'SMYS [PSI]': nan, 'Seam Type': nan, 'Pdesign [PSI]': nan, 'B31G Psafe [PSI]': nan, 'B31G Pburst [PSI]': nan, 'Mod B31G Psafe [PSI]': nan, 'Mod B31G Pburst [PSI]': nan, 'Effective Area Psafe [PSI]': nan, 'Effective Area Pburst [PSI]': nan, 'ERF': nan, 'RPR': nan, 'run_year': 2015, 'row_index': 3673, 'distance_raw_m': 17469.206616, 'dist_to_us_weld_m': nan, 'clock_position_deg': 270.0, 'length_mm': nan, 'width_mm': nan, 'distance_corrected_m': 17439.242328426815}"
2069,837,838,10.015590248975059,10.081945751022431,"{'joint_number': 16110.0, 'J. len [ft]': nan, 'Wt [in]': nan, 'dist_to_us_weld': nan, 'dist_to_ds_weld': nan, 'distance_along_line': 57340.0, 'feature_type': 'Area End Receiver', 'ID/OD': nan, 'depth_percent': nan, 'Depth [in]': nan, 'OD Reduction [%]': nan, 'OD Reduction [in]': nan, 'Comments': nan, 'Anomalies per Joint': nan, 'Tool Velocity [ft/s]': nan, 'Elevation [ft]': 212.31, 'Seam Position (TFI)': nan, 'Tool   (TFI)': nan, 'Seam Anomaly  (TFI)': nan, 'MOP [PSI]': nan, 'SMYS [PSI]': nan, 'Seam Type': nan, 'Pdesign [PSI]': nan, 'B31G Psafe [PSI]': nan, 'B31G Pburst [PSI]': nan, 'Mod B31G Psafe [PSI]': nan, 'Mod B31G Pburst [PSI]': nan, 'Effective Area Psafe [PSI]': nan, 'Effective Area Pburst [PSI]': nan, 'ERF': nan, 'RPR': nan, 'run_year': 2015, 'row_index': 3677, 'distance_raw_m': 17477.232, 'dist_to_us_weld_m': nan, 'clock_position_deg': nan, 'length_mm': nan, 'width_mm': nan, 'distance_corrected_m': 17441.064782248977}"
