prev_idx,later_idx,prev_year,later_year,prev_distance_raw_m,later_distance_raw_m,prev_distance_corrected_m,later_distance_corrected_m,delta_distance_m,prev_depth_percent,later_depth_percent,prev_length_mm,later_length_mm,prev_width_mm,later_width_mm,score,reason_flags,years,depth_rate,length_rate,width_rate,growth_flag
9,4,2007,2015,2.462784,2.487168,2.462784,2.096464899408277,-0.36631910059172323,,,,,,,10.366319100591724,,8,,,,
10,5,2007,2015,3.4168080000000005,3.389376,3.4168080000000005,3.041380970414195,-0.37542702958580554,,,,,,,10.375427029585806,,8,,,,
11,6,2007,2015,4.681728,4.611624000000001,4.681728,4.321486863905321,-0.3602411360946789,,,,,,,10.360241136094679,,8,,,,
15,10,2007,2015,10.308336,10.402824,10.308336,10.38682650887574,0.07849050887574016,,,,,,,10.07849050887574,,8,,,,
16,11,2007,2015,14.072616000000002,14.12748,14.072616000000002,14.182374705171256,0.10975870517125408,,,,,,,10.109758705171254,,8,,,,
17,12,2007,2015,30.0228,30.169104000000004,30.0228,30.14809351456311,0.12529351456311133,,,,,,,10.125293514563111,,8,,,,
21,14,2007,2015,79.952088,80.07400799999999,79.952088,88.33227868493148,8.380190684931478,,,,,,,18.380190684931478,,8,,,,
23,15,2007,2015,115.81790400000001,108.155232,115.81790400000001,112.24543703305787,-3.5724669669421445,,,,,,,13.572466966942144,,8,,,,
24,16,2007,2015,125.656848,116.14099200000001,125.656848,120.94166809986865,-4.715179900131346,,,,,,,14.715179900131346,,8,,,,
25,17,2007,2015,132.301488,125.92811999999999,132.301488,129.3008798987342,-3.0006081012658115,,,,,,,13.000608101265811,,8,,,,
22,18,2007,2015,107.923584,132.414264,107.923584,142.1506843636364,34.227100363636396,,,,,,,44.227100363636396,,8,,,,
32,20,2007,2015,205.596744,198.48576000000003,205.596744,205.67431371851856,0.07756971851856065,,,,,,,10.07756971851856,,8,,,,
35,22,2007,2015,226.576128,226.37191200000004,226.576128,234.77646377528094,8.200335775280934,,,,,,,18.200335775280934,,8,,,,
39,23,2007,2015,302.404272,289.297872,302.404272,302.56971723440137,0.16544523440137482,,,,,,,10.165445234401375,,8,,,,
40,24,2007,2015,326.64501600000006,302.227488,326.64501600000006,322.98379577895537,-3.6612202210446867,18.0,,17.018,,21.081999999999997,,13.661220221044687,,8,,,,
234,25,2007,2015,721.854792,718.9683360000001,721.854792,734.6766078128014,12.821815812801447,13.0,,142.748,,151.63799999999998,,22.821815812801447,,8,,,,
236,26,2007,2015,909.114768,876.2329440000001,909.114768,893.3101657071961,-15.804602292803906,10.0,,12.953999999999999,,18.034,,25.804602292803906,,8,,,,
266,27,2007,2015,937.3544880000001,925.3910880000001,937.3544880000001,949.6408054825175,12.286317482517461,,,,,,,22.28631748251746,,8,,,,
305,30,2007,2015,2224.832736,2225.372232,2224.832736,2248.6175231028974,23.784787102897553,,,,,,,33.78478710289755,,8,,,,
304,31,2007,2015,2224.223136,2225.978784,2224.223136,2249.221802805195,24.998666805194716,,,,,,,34.998666805194716,,8,,,,
310,32,2007,2015,2566.84272,2550.17016,2566.84272,2570.3747420954287,3.5320220954286015,11.0,,22.098,,27.94,,13.532022095428601,,8,,,,
315,33,2007,2015,2867.780904,2840.056296,2867.780904,2861.524616844622,-6.2562871553782315,,,,,,,16.25628715537823,,8,,,,
316,34,2007,2015,2887.38564,2870.883768,2887.38564,2884.5974882402184,-2.788151759781613,10.0,,18.034,,14.985999999999999,,12.788151759781613,,8,,,,
317,43,2007,2015,2978.8439280000002,2982.0473760000004,2978.8439280000002,2991.383747680611,12.53981968061089,,,,,,,22.53981968061089,,8,,,,
318,49,2007,2015,3109.789056,3084.572952,3109.789056,3097.639928734835,-12.149127265165134,13.0,20.0,67.30999999999999,24.383999999999997,96.774,123.444,26.358727265165136,,8,0.875,-5.3657499999999985,3.33375,
322,50,2007,2015,3201.975816,3188.2384800000004,3201.975816,3209.10865071589,7.132834715889658,10.0,,103.886,,337.31199999999995,,17.132834715889658,,8,,,,
327,51,2007,2015,3225.872136,3205.01772,3225.872136,3225.863326861423,-0.008809138576907571,26.0,10.0,26.924,23.875999999999998,57.91199999999999,59.943999999999996,16.691809138576907,,8,-2.0,-0.3810000000000002,0.25400000000000045,
330,56,2007,2015,3274.621848,3226.786536,3274.621848,3247.5306134899224,-27.09123451007781,23.0,33.0,66.03999999999999,45.72,60.706,88.89999999999999,42.23263451007781,,8,1.25,-2.539999999999999,3.5242499999999986,
324,65,2007,2015,3223.2996239999998,3227.365656,3223.2996239999998,3248.10569881463,24.806074814630392,17.0,45.0,161.29,46.99,72.898,60.198,65.53107481463039,,8,3.5,-14.287499999999998,-1.5874999999999995,
326,70,2007,2015,3225.8264160000003,3228.999384,3225.8264160000003,3249.728044783279,23.90162878327874,19.0,,75.946,,73.914,,34.03662878327874,,8,,,,
325,75,2007,2015,3224.0250480000004,3230.029608,3224.0250480000004,3250.752089577633,26.727041577632463,12.0,,72.898,,36.321999999999996,,36.827041577632464,,8,,,,
329,76,2007,2015,3237.131448,3240.1733520000002,3237.131448,3260.8629157863206,23.731467786320536,,,,,,,33.731467786320536,,8,,,,
328,77,2007,2015,3236.5248960000004,3240.782952,3236.5248960000004,3261.4705375536696,24.945641553669248,,,,,,,34.94564155366925,,8,,,,
331,80,2007,2015,3367.104264,3371.088,3367.104264,3391.453208571858,24.348944571857828,12.0,15.0,16.002,9.906,19.049999999999997,16.002,28.268344571857828,,8,0.375,-0.7619999999999998,-0.3809999999999998,
332,82,2007,2015,3712.5523920000005,3717.313368,3712.5523920000005,3736.904378846847,24.351986846846557,13.0,10.0,96.01199999999999,56.13399999999999,37.083999999999996,40.894,31.720786846846558,,8,-0.375,-4.984749999999999,0.4762500000000003,
334,83,2007,2015,3848.9199120000003,3787.798368,3848.9199120000003,3807.3004485511024,-41.61946344889793,,16.0,,55.117999999999995,,43.942,51.61946344889793,,8,,,,
337,85,2007,2015,4004.800728,4009.9213680000003,4004.800728,4029.1599125931107,24.359184593110513,11.0,12.0,24.892,14.985999999999999,44.958,34.036,27.46698459311051,,8,0.125,-1.23825,-1.3652499999999996,
335,87,2007,2015,4004.733672,4010.0036640000003,4004.733672,4029.2420647908143,24.50839279081447,33.0,23.0,139.95399999999998,17.018,16.002,33.019999999999996,48.683792790814465,,8,-1.25,-15.366999999999997,2.1272499999999996,
338,88,2007,2015,4080.0070800000003,4082.6253120000006,4080.0070800000003,4094.1172920478093,14.110212047809,,10.0,,16.002,,30.987999999999996,24.110212047809,,8,,,,
339,90,2007,2015,4082.4454800000003,4085.2709760000002,4082.4454800000003,4100.986255262056,18.54077526205583,14.0,,64.008,,207.01,,28.54077526205583,,8,,,,
340,91,2007,2015,4217.2707120000005,4151.016336,4217.2707120000005,4169.205487903922,-48.065224096078055,14.0,,21.081999999999997,,22.098,,58.065224096078055,,8,,,,
341,94,2007,2015,4273.055208,4222.254192,4273.055208,4241.234100915255,-31.821107084744654,,10.0,,9.906,,14.985999999999999,41.82110708474465,,8,,,,
342,97,2007,2015,4318.052832,4267.815696000001,4318.052832,4275.170387676648,-42.8824443233525,,12.0,,12.953999999999999,,32.004,52.8824443233525,,8,,,,
343,110,2007,2015,4550.0574480000005,4551.331512000001,4550.0574480000005,4558.750522505362,8.693074505361437,26.0,27.0,23.114,13.97,23.875999999999998,33.019999999999996,11.556874505361439,,8,0.125,-1.143,1.1429999999999998,
353,111,2007,2015,4556.671608,4552.093512,4556.671608,4559.026870594446,2.3552625944466854,,14.0,,48.00599999999999,,55.117999999999995,12.355262594446685,,8,,,,
351,112,2007,2015,4555.979712,4555.275624,4555.979712,4560.180900214463,4.201188214462491,,36.0,,14.985999999999999,,32.004,14.20118821446249,,8,,,,
348,113,2007,2015,4555.287816,4555.336584000001,4555.287816,4560.20300806159,4.915192061589551,,44.0,,18.034,,35.05199999999999,14.91519206158955,,8,,,,
356,114,2007,2015,4557.601248,4559.835432,4557.601248,4563.4288425457125,5.8275945457126,31.0,19.0,24.892,48.00599999999999,103.886,14.985999999999999,29.3239945457126,,8,-1.5,2.889249999999999,-11.112499999999999,
355,120,2007,2015,4557.104424,4560.289584,4557.104424,4564.71405086322,7.609626863220001,25.0,,164.592,,267.20799999999997,,17.86462686322,,8,,,,
354,121,2007,2015,4557.000792000001,4561.319808,4557.000792000001,4567.629489865345,10.628697865344293,15.0,,87.122,,88.89999999999999,,20.628697865344293,,8,,,,
350,126,2007,2015,4555.549944,4561.920264,4555.549944,4569.32872502339,13.778781023389456,,,,,,,23.778781023389456,,8,,,,
346,127,2007,2015,4555.050072,4561.959888,4555.050072,4569.440857292702,14.390785292702276,13.0,51.0,105.664,44.196,85.09,132.07999999999998,63.33158529270227,,8,4.75,-7.6835,5.873749999999998,
345,130,2007,2015,4554.82452,4562.222016000001,4554.82452,4570.182655382001,15.35813538200091,14.0,24.0,82.042,68.58,54.864,78.74,29.186935382000907,,8,1.25,-1.6827500000000004,2.9844999999999997,
361,131,2007,2015,4594.247352,4562.264688,4594.247352,4570.303413210491,-23.943938789509048,14.0,10.0,19.049999999999997,20.066,14.985999999999999,38.862,30.69813878950905,,8,-0.5,0.12700000000000022,2.9845000000000006,
357,132,2007,2015,4582.445496,4562.3286960000005,4582.445496,4570.4845499532275,-11.960946046772733,11.0,,18.034,,17.018,,21.960946046772733,,8,,,,
352,140,2007,2015,4556.443008,4562.7980880000005,4556.443008,4571.812886066622,15.369878066621823,14.0,26.0,133.85799999999998,49.022,224.53599999999997,212.34399999999997,37.237678066621825,,8,1.5,-10.604499999999998,-1.524000000000001,
360,142,2007,2015,4592.266152,4562.892576,4592.266152,4572.080278401136,-20.18587359886442,12.0,11.0,27.94,37.083999999999996,25.907999999999998,75.946,27.37407359886442,,8,-0.125,1.1429999999999993,6.25475,
359,151,2007,2015,4588.50492,4563.98376,4588.50492,4575.262674190621,-13.24224580937971,15.0,27.0,130.55599999999998,55.117999999999995,135.128,95.758,36.8580458093797,,8,1.5,-9.429749999999999,-4.921249999999999,
347,154,2007,2015,4555.065312000001,4564.3708560000005,4555.065312000001,4576.432160895614,21.366848895613657,14.0,,179.832,,155.956,,31.606848895613656,,8,,,,
365,160,2007,2015,4595.859744,4587.175992,4595.859744,4605.53428788009,9.674543880089914,11.0,13.0,18.034,17.018,20.066,35.05199999999999,13.434743880089913,,8,0.25,-0.12699999999999978,1.8732499999999992,
362,161,2007,2015,4594.610064,4587.977616,4594.610064,4606.333308554584,11.723244554583289,18.0,10.0,18.034,54.102,18.034,49.022,26.648844554583288,,8,-1.0,4.5085,3.8735,
364,162,2007,2015,4595.112984,4588.267176,4595.112984,4606.6219281898575,11.508944189857175,22.0,17.0,18.034,20.066,18.034,25.907999999999998,17.744544189857173,,8,-0.625,0.254,0.9842499999999998,
369,163,2007,2015,4654.299048,4588.425672,4654.299048,4606.779909463902,-47.51913853609767,,13.0,,10.921999999999999,,23.875999999999998,57.51913853609767,,8,,,,
363,166,2007,2015,4594.9331520000005,4588.815816,4594.9331520000005,4607.1687864461655,12.235634446165022,29.0,30.0,118.36399999999999,56.388000000000005,74.93,74.93,19.64323444616502,,8,0.125,-7.746999999999998,0.0,
358,170,2007,2015,4582.975848,4589.11452,4582.975848,4607.466520385711,24.49067238571115,13.0,21.0,77.216,53.08599999999999,84.074,81.53399999999999,35.32267238571115,,8,1.0,-3.0162500000000003,-0.3175000000000008,
370,173,2007,2015,4656.027264,4593.174456,4656.027264,4611.510482327599,-44.51678167240152,10.0,23.0,53.08599999999999,40.894,18.034,73.914,64.59898167240152,,8,1.625,-1.5239999999999991,6.985,
371,175,2007,2015,4662.19032,4594.436328000001,4662.19032,4612.765433065072,-49.4248869349276,,10.0,,19.049999999999997,,35.05199999999999,59.4248869349276,,8,,,,
366,193,2007,2015,4595.9511840000005,4601.044392000001,4595.9511840000005,4619.33725238594,23.386068385939325,25.0,43.0,88.138,35.05199999999999,32.512,45.211999999999996,47.984668385939315,,8,2.25,-6.635750000000002,1.5874999999999995,
367,201,2007,2015,4597.822656,4603.879032,4597.822656,4622.156344622289,24.33368862228872,18.0,17.0,45.974,21.081999999999997,160.01999999999998,226.06,34.60688862228872,,8,-0.125,-3.1115,8.255000000000003,
372,202,2007,2015,4671.581208,4604.391096,4671.581208,4622.666071271454,-48.915136728545804,,14.0,,14.985999999999999,,33.019999999999996,58.915136728545804,,8,,,,
374,203,2007,2015,4678.774488,4628.2356,4678.774488,4646.2780119609315,-32.49647603906851,,11.0,,25.907999999999998,,51.053999999999995,42.49647603906851,,8,,,,
375,204,2007,2015,4680.956856,4628.2356,4680.956856,4646.2780119609315,-34.67884403906828,16.0,10.0,27.94,20.066,29.971999999999998,56.896,44.39364403906828,,8,-0.75,-0.9842500000000003,3.3655000000000004,
373,205,2007,2015,4677.366312,4628.247792,4677.366312,4646.290008546957,-31.076303453042783,24.0,24.0,52.06999999999999,18.034,152.908,52.06999999999999,44.803703453042786,,8,0.0,-4.254499999999999,-12.60475,
376,206,2007,2015,4696.013976,4628.7537600000005,4696.013976,4646.612190417627,-49.40178558237312,,10.0,,27.94,,61.97599999999999,59.40178558237312,,8,,,,
377,207,2007,2015,4697.82144,4652.403192000001,4697.82144,4652.8350193757,-44.98642062430008,,14.0,,24.892,,129.03199999999998,54.98642062430008,,8,,,,
378,208,2007,2015,4699.4612640000005,4655.951064000001,4699.4612640000005,4655.755062765841,-43.70620123415938,,12.0,,13.97,,27.94,53.70620123415938,,8,,,,
379,209,2007,2015,4704.1795680000005,4655.951064000001,4704.1795680000005,4655.755062765841,-48.42450523415937,20.0,10.0,12.953999999999999,30.987999999999996,18.034,45.974,63.20190523415937,,8,-1.25,2.25425,3.4924999999999997,
380,218,2007,2015,4743.989496,4685.1082320000005,4743.989496,4696.514104892944,-47.475391107056566,24.0,,69.08800000000001,,57.91199999999999,,57.475391107056566,,8,,,,
381,222,2007,2015,4791.754704,4710.598656,4791.754704,4751.335178420009,-40.41952557999139,,21.0,,8.889999999999999,,17.018,50.41952557999139,,8,,,,
383,225,2007,2015,4877.028600000001,4834.228584,4877.028600000001,4876.467609186374,-0.5609908136266313,16.0,,18.034,,14.985999999999999,,10.560990813626631,,8,,,,
384,226,2007,2015,4882.039512,4888.647576,4882.039512,4930.455380685515,48.4158686855144,10.0,13.0,20.066,8.889999999999999,18.034,16.002,52.756668685514406,,8,0.375,-1.397,-0.254,
385,227,2007,2015,5009.7141360000005,4991.926008,5009.7141360000005,5033.808081110499,24.09394511049868,10.0,11.0,23.875999999999998,17.018,17.018,36.068,27.73974511049868,,8,0.125,-0.8572499999999996,2.3812499999999996,
390,228,2007,2015,5058.939336,5016.547752,5058.939336,5058.393963346328,-0.5453726536725299,12.0,12.0,40.894,46.99,20.066,86.868,8.08517265367253,,8,0.0,0.7620000000000005,8.350249999999999,
387,229,2007,2015,5032.208376,5017.196976,5032.208376,5059.043146352588,26.834770352588748,10.0,36.0,45.974,19.049999999999997,53.08599999999999,49.022,56.03357035258875,,8,3.25,-3.3655,-0.5079999999999991,
386,230,2007,2015,5032.052928,5038.990176,5032.052928,5080.8000358982545,48.7471078982544,35.0,29.0,115.82399999999998,65.024,294.132,165.35399999999998,72.8049078982544,,8,-0.75,-6.349999999999998,-16.097250000000003,
391,233,2007,2015,5058.939336,5040.980520000001,5058.939336,5082.781942030923,23.84260603092298,10.0,12.0,42.925999999999995,29.971999999999998,208.02599999999998,40.894,44.091206030922976,,8,0.25,-1.6192499999999996,-20.891499999999997,
389,237,2007,2015,5058.387648,5065.940592000001,5058.387648,5107.676056013959,49.28840801395927,14.0,13.0,72.136,12.953999999999999,18.034,23.875999999999998,57.02580801395927,,8,-0.125,-7.397749999999999,0.7302499999999998,
393,247,2007,2015,5107.439112,5090.196576,5107.439112,5131.8443021336,24.405190133599717,12.0,,107.94999999999999,,98.044,,34.40519013359972,,8,,,,
392,254,2007,2015,5083.262376,5090.63244,5083.262376,5132.278862452643,49.01648645264322,18.0,,123.95199999999998,,631.444,,59.01648645264322,,8,,,,
394,258,2007,2015,5344.091928000001,5325.797832,5344.091928000001,5353.053578086957,8.96165008695607,,,,,,,18.96165008695607,,8,,,,
398,264,2007,2015,5543.095848,5551.480896,5543.095848,5591.775799071535,48.67995107153547,14.0,10.0,27.94,38.099999999999994,86.868,57.91199999999999,56.88155107153547,,8,-0.5,1.2699999999999991,-3.6195000000000004,
400,267,2007,2015,5736.482304,5742.291792000001,5736.482304,5774.024817807986,37.542513807986325,,,,,,,47.542513807986325,,8,,,,
401,268,2007,2015,5764.322736,5742.992832,5764.322736,5774.81996513169,10.497229131689892,,10.0,,35.05199999999999,,113.03,20.58722913168989,,8,,,,
399,272,2007,2015,5734.665696,5744.916120000001,5734.665696,5779.599386781729,44.93369078172873,67.0,,47.751999999999995,,88.89999999999999,,54.93369078172873,,8,,,,
402,275,2007,2015,5881.2379200000005,5889.805848,5881.2379200000005,5929.999364471826,48.7614444718256,12.0,16.0,25.907999999999998,16.002,75.946,56.13399999999999,55.7432444718256,,8,0.5,-1.2382499999999999,-2.4765000000000006,
407,277,2007,2015,6222.098808,6158.063376,6222.098808,6198.206450020424,-23.892357979575536,11.0,10.0,45.974,10.921999999999999,72.898,34.036,32.288757979575536,,8,-0.125,-4.3815,-4.857749999999999,
405,278,2007,2015,6198.150672,6206.834424000001,6198.150672,6246.505239517449,48.35456751744914,21.0,34.0,91.18599999999999,50.291999999999994,127.25399999999999,42.672,73.92716751744915,,8,1.625,-5.11175,-10.57275,
406,279,2007,2015,6198.208584000001,6206.892336,6198.208584000001,6246.562949431705,48.35436543170454,11.0,25.0,29.971999999999998,19.049999999999997,48.00599999999999,48.00599999999999,63.446565431704535,,8,1.75,-1.36525,0.0,
409,281,2007,2015,6469.002048,6415.704720000001,6469.002048,6449.88479550225,-19.117252497750087,,25.0,,13.97,,43.942,29.117252497750087,,8,,,,
416,282,2007,2015,6504.977592,6446.523048,6504.977592,6498.628802455842,-6.348789544158535,11.0,11.0,89.916,11.937999999999999,154.93999999999997,24.892,27.39638954415853,,8,0.0,-9.74725,-16.255999999999997,
425,283,2007,2015,6534.543192000001,6478.31064,6534.543192000001,6530.366155207198,-4.177036792802937,64.0,,197.86599999999999,,488.442,,14.177036792802937,,8,,,,
421,284,2007,2015,6511.286952,6495.3276240000005,6511.286952,6547.363602079402,36.07665007940159,32.0,,114.3,,245.87199999999999,,46.36665007940159,,8,,,,
422,286,2007,2015,6511.299144,6495.367248,6511.299144,6547.403156823971,36.10401282397106,40.0,17.0,83.05799999999999,13.97,16.002,26.924,67.17001282397106,,8,-2.875,-8.636,1.36525,
420,288,2007,2015,6511.265616,6495.8427360000005,6511.265616,6547.878246102001,36.612630102001276,28.0,49.0,92.964,41.148,366.522,215.392,77.96223010200127,,8,2.625,-6.476999999999999,-18.89125,
423,290,2007,2015,6511.308288000001,6495.854928000001,6511.308288000001,6547.890441150001,36.58215314999961,20.0,17.0,21.081999999999997,22.098,48.00599999999999,76.96199999999999,42.63435314999961,,8,-0.375,0.12700000000000022,3.6194999999999995,
424,297,2007,2015,6511.314384000001,6503.353008,6511.314384000001,6555.3903956700005,44.07601166999939,13.0,,33.019999999999996,,36.068,,54.07601166999939,,8,,,,
419,298,2007,2015,6510.802320000001,6503.5084560000005,6510.802320000001,6555.545882532,44.74356253199949,26.0,24.0,38.099999999999994,29.971999999999998,182.118,40.894,61.97376253199949,,8,-0.25,-1.0159999999999996,-17.653,
418,300,2007,2015,6509.14116,6503.7858240000005,6509.14116,6555.823319874001,46.68215987400072,19.0,,76.708,,163.82999999999998,,56.68215987400072,,8,,,,
426,302,2007,2015,6608.192016,6512.695128,6608.192016,6564.719027158473,-43.472988841526785,15.0,11.0,19.049999999999997,40.894,33.019999999999996,56.13399999999999,51.978788841526786,,8,-0.5,2.7305,2.8892499999999997,
427,303,2007,2015,6608.484624000001,6512.8658159999995,6608.484624000001,6564.889203989019,-43.5954200109818,10.0,15.0,56.896,49.022,33.019999999999996,66.03999999999999,52.864820010981795,,8,0.625,-0.9842500000000003,4.1274999999999995,
431,357,2007,2015,6731.044704,6715.893096000001,6731.044704,6767.624859533817,36.58015553381665,48.0,51.0,71.88199999999999,90.42399999999999,295.402,317.75399999999996,43.82455553381665,,8,0.375,2.31775,2.793999999999997,
433,369,2007,2015,6852.922032,6813.560160000001,6852.922032,6865.0971835446835,12.175151544683104,10.0,10.0,66.03999999999999,16.002,18.034,70.866,22.647151544683105,,8,0.0,-6.25475,6.604,
438,373,2007,2015,7017.105600000001,6953.374968,7017.105600000001,7004.902601622378,-12.202998377622862,14.0,11.0,26.924,21.081999999999997,23.875999999999998,40.894,17.763998377622862,,8,-0.375,-0.7302500000000003,2.12725,
439,374,2007,2015,7019.355024,7012.448256000001,7019.355024,7063.9932472571145,44.63822325711408,12.0,12.0,11.937999999999999,14.985999999999999,18.034,30.987999999999996,46.39342325711408,,8,0.0,0.381,1.6192499999999996,
440,381,2007,2015,7020.254184000001,7016.1759600000005,7020.254184000001,7067.064545837111,46.81036183710967,10.0,16.0,16.002,38.099999999999994,18.034,37.083999999999996,57.22516183710967,,8,0.75,2.7622499999999994,2.3812499999999996,
450,419,2007,2015,7240.24968,7225.284000000001,7240.24968,7276.340135583514,36.090455583514085,38.0,,77.216,,254.254,,46.25045558351408,,8,,,,
453,437,2007,2015,7873.733808,7793.7390479999995,7873.733808,7831.4510134551765,-42.282794544823446,,12.0,,32.004,,44.958,52.282794544823446,,8,,,,
455,438,2007,2015,7938.192912,7885.160760000001,7938.192912,7930.416533630974,-7.776378369026133,,,,,,,17.776378369026133,,8,,,,
454,439,2007,2015,7886.733528000001,7886.739624000001,7886.733528000001,7936.413763829196,49.680235829195226,12.0,14.0,13.97,33.019999999999996,18.034,73.914,59.19323582919523,,8,0.25,2.3812499999999996,6.985,
456,442,2007,2015,7949.449176,7950.519024000001,7949.449176,7993.960708608481,44.51153260848059,10.0,,17.018,,14.985999999999999,,54.51153260848059,,8,,,,
463,445,2007,2015,8210.927952,8201.183496,8210.927952,8231.409404807559,20.481452807558526,,,,,,,30.481452807558526,,8,,,,
458,446,2007,2015,8189.238384000001,8201.186544,8189.238384000001,8231.411792735953,42.17340873595185,15.0,35.0,35.05199999999999,18.034,38.099999999999994,33.019999999999996,64.39320873595184,,8,2.5,-2.127249999999999,-0.6349999999999998,
459,447,2007,2015,8189.338968,8201.290176,8189.338968,8231.492982301344,42.15401430134443,14.0,40.0,40.132,23.875999999999998,51.053999999999995,45.974,70.30761430134444,,8,3.25,-2.032,-0.6349999999999998,
461,451,2007,2015,8189.418216,8201.363328000001,8189.418216,8231.550292582797,42.1320765827968,22.0,62.0,65.532,50.291999999999994,71.88199999999999,72.898,83.7976765827968,,8,5.0,-1.9050000000000002,0.12700000000000067,
464,458,2007,2015,8213.229192,8222.821248,8213.229192,8262.206945623013,48.97775362301218,25.0,,68.072,,18.034,,58.97775362301218,,8,,,,
465,464,2007,2015,8326.102728,8316.367416,8326.102728,8361.903780675846,35.80105267584622,16.0,13.0,23.114,30.987999999999996,21.081999999999997,54.102,42.89545267584622,,8,-0.375,0.9842499999999994,4.1274999999999995,
475,469,2007,2015,8597.502744,8530.013928,8597.502744,8564.380697163455,-33.12204683654454,17.0,18.0,109.982,20.066,36.068,37.083999999999996,43.335246836544535,,8,0.125,-11.2395,0.12699999999999978,
473,470,2007,2015,8522.84808,8530.687536,8522.84808,8565.054811001752,42.206731001751905,,23.0,,44.196,,62.230000000000004,52.206731001751905,,8,,,,
474,473,2007,2015,8542.785048,8535.320496,8542.785048,8573.993294222219,31.208246222218804,10.0,,10.921999999999999,,18.034,,41.208246222218804,,8,,,,
478,477,2007,2015,8855.348304000001,8792.04744,8855.348304000001,8840.107804627372,-15.24049937262862,42.0,,146.558,,1087.374,,25.24049937262862,,8,,,,
480,478,2007,2015,8883.865392000002,8795.101536,8883.865392000002,8843.159612343656,-40.70577965634584,35.0,,214.88400000000001,,276.09799999999996,,50.86077965634584,,8,,,,
483,487,2007,2015,8902.174728,8891.378712,8902.174728,8939.21128627545,37.03655827544935,32.0,49.0,104.90199999999999,42.925999999999995,264.414,179.832,68.91235827544935,,8,2.125,-7.746999999999999,-10.57275,
484,488,2007,2015,8902.595352,8891.384808,8902.595352,8939.217391401198,36.62203940119798,21.0,55.0,164.084,44.196,92.71,175.51399999999998,91.10623940119798,,8,4.25,-14.986,10.350499999999998,
487,489,2007,2015,8964.45756,8914.982424000002,8964.45756,8962.873597693695,-1.5839623063056933,13.0,,35.05199999999999,,26.924,,11.683962306305693,,8,,,,
492,490,2007,2015,8975.421216,8915.29332,8975.421216,8963.18558291892,-12.235633081079868,42.0,48.0,25.907999999999998,32.004,98.044,121.91999999999999,21.367833081079866,,8,0.75,0.762,2.984499999999999,
491,491,2007,2015,8975.418168,8915.302464,8975.418168,8963.194758954956,-12.223409045043809,15.0,31.0,23.114,17.018,30.987999999999996,94.996,35.523809045043805,,8,2.0,-0.762,8.001,
493,492,2007,2015,8977.231728,8915.357328,8977.231728,8963.249815171172,-13.981912828829081,15.0,35.0,13.97,41.91,18.034,102.86999999999999,45.53451282882908,,8,2.5,3.4924999999999997,10.604499999999998,
488,495,2007,2015,8965.640184000002,8916.26868,8965.640184000002,8964.162253820357,-1.4779301796443178,11.0,,115.82399999999998,,155.448,,11.492930179644318,,8,,,,
494,496,2007,2015,9049.972248,8977.448136,9049.972248,9025.090495752373,-24.881752247627446,,17.0,,32.004,,48.00599999999999,34.881752247627446,,8,,,,
497,525,2007,2015,9287.853408,9237.619320000002,9287.853408,9284.761761920481,-3.0916460795197054,17.0,48.0,120.90399999999998,34.798,291.084,122.93599999999999,59.5320460795197,,8,3.875,-10.763249999999998,-21.018500000000003,
508,533,2007,2015,9350.313024000001,9264.68556,9350.313024000001,9311.796151384615,-38.51687261538609,13.0,11.0,70.866,38.099999999999994,16.002,52.06999999999999,47.56527261538609,,8,-0.25,-4.095750000000001,4.5085,
507,534,2007,2015,9350.309976,9264.798336,9350.309976,9311.908589394605,-38.4013866053956,17.0,12.0,76.96199999999999,19.049999999999997,13.97,28.955999999999996,50.9261866053956,,8,-0.625,-7.238999999999999,1.8732499999999994,
509,536,2007,2015,9405.356856,9333.533784000001,9405.356856,9376.242905399551,-29.113950600449243,,13.0,,57.91199999999999,,122.93599999999999,39.11395060044924,,8,,,,
511,538,2007,2015,9452.966616,9419.548344,9452.966616,9445.755990589601,-7.210625410398279,15.0,,11.937999999999999,,18.034,,17.21062541039828,,8,,,,
510,539,2007,2015,9427.335984000001,9439.896792000001,9427.335984000001,9475.653139436537,48.31715543653627,,14.0,,19.049999999999997,,38.099999999999994,58.31715543653627,,8,,,,
512,547,2007,2015,9600.471528,9586.228224,9600.471528,9603.725094187173,3.253566187173419,,13.0,,46.99,,23.114,13.25356618717342,,8,,,,
515,548,2007,2015,9615.702384,9586.252608,9615.702384,9603.728830592463,-11.97355340753711,,19.0,,20.066,,40.894,21.97355340753711,,8,,,,
523,549,2007,2015,9626.644704,9615.513408,9626.644704,9625.703474788826,-0.941229211173777,19.0,,36.068,,44.958,,10.941229211173777,,8,,,,
519,550,2007,2015,9622.350072000001,9618.082872,9622.350072000001,9631.720572371523,9.370500371522212,,67.0,,25.907999999999998,,17.779999999999998,19.370500371522212,,8,,,,
522,553,2007,2015,9624.047808,9618.896688,9624.047808,9633.816148627373,9.768340627373618,24.0,10.0,104.90199999999999,30.987999999999996,57.91199999999999,85.09,34.12254062737362,,8,-1.75,-9.239249999999998,3.3972500000000014,
524,554,2007,2015,9627.586536,9618.896688,9627.586536,9633.816148627373,6.229612627372262,16.0,16.0,33.019999999999996,17.018,91.948,16.002,15.52441262737226,,8,0.0,-2.0002499999999994,-9.49325,
517,560,2007,2015,9616.196160000001,9631.125264,9616.196160000001,9645.927410938471,29.73125093847011,12.0,21.0,124.96799999999999,41.148,110.23599999999999,101.092,48.18265093847011,,8,1.125,-10.4775,-1.142999999999999,
520,569,2007,2015,9624.032568,9638.903760000001,9624.032568,9656.846352774195,32.81378477419457,52.0,21.0,124.714,88.646,210.05799999999996,114.3,77.09138477419457,,8,-3.875,-4.5085,-11.969749999999996,
527,579,2007,2015,9862.142328,9835.319928,9862.142328,9860.3440675999,-1.798260400099025,,14.0,,17.018,,64.008,11.798260400099025,,8,,,,
526,580,2007,2015,9848.456808,9835.353456,9848.456808,9860.372460075207,11.915652075205799,,11.0,,33.019999999999996,,81.026,21.9156520752058,,8,,,,
528,581,2007,2015,9880.6254,9863.797392,9880.6254,9880.809697674418,0.18429767441739386,,,,,,,10.184297674417394,,8,,,,
529,583,2007,2015,9910.291584,9877.428048,9910.291584,9895.86135611881,-14.430227881190149,16.0,,106.17199999999998,,55.88,,24.43022788119015,,8,,,,
532,584,2007,2015,9950.662344,9878.869752,9950.662344,9901.529705911438,-49.13263808856209,,21.0,,55.117999999999995,,306.578,59.13263808856209,,8,,,,
531,591,2007,2015,9934.92552,9950.174664,9934.92552,9976.289600421895,41.36408042189396,10.0,14.0,23.875999999999998,13.97,34.036,29.971999999999998,46.79108042189396,,8,0.5,-1.2382499999999996,-0.5080000000000005,
534,593,2007,2015,10035.841752,9976.378320000002,10035.841752,10016.589089195404,-19.252662804596184,21.0,,106.934,,73.406,,29.337662804596185,,8,,,,
533,594,2007,2015,10035.604008,9976.707504,10035.604008,10016.924579402299,-18.67942859770119,31.0,,548.894,,426.212,,28.67942859770119,,8,,,,
535,596,2007,2015,10036.189224,9977.512176,10036.189224,10017.744666574714,-18.444557425285893,19.0,,37.083999999999996,,19.049999999999997,,28.709557425285894,,8,,,,
541,598,2007,2015,10092.818016,10044.275568000001,10092.818016,10089.967948418993,-2.850067581006442,12.0,,62.992,,120.64999999999999,,12.850067581006442,,8,,,,
540,599,2007,2015,10068.421824,10045.007088,10068.421824,10090.702959722685,22.281135722685576,10.0,,22.352,,63.75399999999999,,32.281135722685576,,8,,,,
538,602,2007,2015,10067.882328000002,10050.926304000002,10067.882328000002,10096.64327128586,28.760943285858957,10.0,42.0,74.93,26.924,143.00199999999998,232.41,74.58234328585895,,8,4.0,-6.000750000000001,11.176000000000002,
542,603,2007,2015,10116.57108,10051.008600000001,10116.57108,10096.725814916752,-19.845265083247796,11.0,20.0,92.964,40.894,186.944,89.916,43.9100650832478,,8,1.125,-6.50875,-12.128499999999999,
545,616,2007,2015,10172.68476,10083.003456,10172.68476,10128.762576702526,-43.922183297474476,23.0,,90.16999999999999,,48.513999999999996,,53.97218329747447,,8,,,,
550,620,2007,2015,10182.045168000002,10108.061064000001,10182.045168000002,10153.801390597404,-28.243777402598425,15.0,19.0,52.06999999999999,36.068,38.099999999999994,22.098,35.67417740259843,,8,0.5,-2.0002499999999994,-2.0002499999999994,
551,622,2007,2015,10182.136608,10131.957384000001,10182.136608,10177.494698164379,-4.641909835621846,10.0,17.0,42.925999999999995,20.066,40.132,24.892,15.496909835621846,,8,0.875,-2.8574999999999995,-1.9049999999999998,
553,627,2007,2015,10204.655232,10166.479032,10204.655232,10212.02515520599,7.369923205991654,13.0,41.0,19.049999999999997,57.91199999999999,16.002,55.117999999999995,43.31272320599165,,8,3.5,4.857749999999999,4.8895,
556,628,2007,2015,10205.020992000002,10166.649720000001,10205.020992000002,10212.195630112361,7.174638112359389,15.0,33.0,20.066,20.066,18.034,35.05199999999999,27.06643811235939,,8,2.25,0.0,2.127249999999999,
554,633,2007,2015,10204.774104000002,10168.377936,10204.774104000002,10213.921688539325,9.147584539323361,26.0,18.0,91.69399999999999,64.26199999999999,83.566,193.802,30.974384539323367,,8,-1.0,-3.4290000000000003,13.779499999999999,
560,643,2007,2015,10262.737920000001,10191.369,10262.737920000001,10237.056140106975,-25.681779893026032,10.0,21.0,68.83399999999999,55.372,227.07599999999996,33.019999999999996,57.718579893026025,,8,1.375,-1.6827499999999986,-24.256999999999998,
558,645,2007,2015,10238.926944,10192.700976000002,10238.926944,10238.385119910026,-0.5418240899743978,25.0,62.0,123.698,83.566,441.706,100.58399999999999,75.8822240899744,,8,4.625,-5.016499999999999,-42.64025,
557,691,2007,2015,10214.549040000002,10203.564048000002,10214.549040000002,10249.210626656017,34.66158665601506,33.0,23.0,108.712,69.85,550.6719999999999,45.211999999999996,99.10878665601506,,8,-1.25,-4.857750000000001,-63.18249999999999,
561,694,2007,2015,10287.198120000001,10203.7134,10287.198120000001,10249.35945670694,-37.83866329306147,34.0,26.0,23.875999999999998,39.116,137.922,112.77600000000001,50.02726329306147,,8,-1.0,1.9050000000000002,-3.1432499999999983,
559,707,2007,2015,10253.112336,10204.725336000001,10253.112336,10250.367856235647,-2.7444797643529455,10.0,,75.946,,17.018,,12.744479764352945,,8,,,,
562,708,2007,2015,10288.069848000001,10205.051472000001,10288.069848000001,10250.692852469296,-37.376995530705244,13.0,,26.924,,27.94,,47.376995530705244,,8,,,,
563,712,2007,2015,10307.455128000001,10219.239912000001,10307.455128000001,10264.842619881269,-42.612508118732876,36.0,19.0,23.114,14.985999999999999,212.08999999999997,27.94,78.91030811873287,,8,-2.125,-1.0160000000000002,-23.018749999999997,
569,741,2007,2015,10355.677536000001,10302.310104000002,10355.677536000001,10343.294251370105,-12.38328462989557,10.0,,67.056,,215.89999999999998,,22.66828462989557,,8,,,,
567,742,2007,2015,10347.68568,10302.328392000001,10347.68568,10343.312511986027,-4.3731680139735545,13.0,,72.136,,59.943999999999996,,14.373168013973554,,8,,,,
566,746,2007,2015,10331.324016,10303.379952,10331.324016,10344.717365535482,13.39334953548132,16.0,23.0,18.034,17.018,38.862,45.974,21.25114953548132,,8,0.875,-0.12699999999999978,0.8889999999999993,
565,748,2007,2015,10318.507176000001,10303.404336,10318.507176000001,10344.756733896771,26.249557896770057,12.0,15.0,18.034,16.002,18.034,26.924,30.436757896770054,,8,0.375,-0.254,1.11125,
575,763,2007,2015,10404.991128000001,10346.676792,10404.991128000001,10392.239422748815,-12.75170525118665,22.0,,74.16799999999999,,292.09999999999997,,22.92670525118665,,8,,,,
574,764,2007,2015,10380.640656000001,10346.759088,10380.640656000001,10392.321451887254,11.680795887252316,11.0,19.0,18.034,12.953999999999999,17.018,38.099999999999994,22.361995887252313,,8,1.0,-0.635,2.635249999999999,
576,773,2007,2015,10404.997223999999,10362.992736,10404.997223999999,10408.500640304932,3.5034163049331255,19.0,22.0,66.03999999999999,49.784,378.206,37.846,42.330016304933125,,8,0.375,-2.031999999999999,-42.545,
573,781,2007,2015,10380.137736,10371.191856000001,10380.137736,10416.669120843047,36.53138484304691,21.0,33.0,35.05199999999999,45.974,112.014,38.862,57.193784843046906,,8,1.5,1.3652500000000005,-9.143999999999998,
577,797,2007,2015,10405.003320000002,10392.905808,10405.003320000002,10438.336210023423,33.33289002342099,14.0,,69.08800000000001,,88.89999999999999,,43.33289002342099,,8,,,,
578,817,2007,2015,10625.263992,10567.495248000001,10625.263992,10612.616713664018,-12.647278335982264,15.0,13.0,14.985999999999999,22.098,22.098,29.971999999999998,16.275878335982263,,8,-0.25,0.889,0.9842499999999998,
582,823,2007,2015,10911.358416,10861.80708,10911.358416,10906.063843551337,-5.294572448661711,18.0,35.0,11.937999999999999,12.953999999999999,18.034,30.987999999999996,23.796572448661713,,8,2.125,0.127,1.6192499999999996,
590,840,2007,2015,11309.63448,11272.461072,11309.63448,11300.611154388753,-9.023325611247856,,,,,,,19.023325611247856,,8,,,,
592,843,2007,2015,11453.125176000001,11432.5146,11453.125176000001,11456.31228235566,3.1871063556591253,,,,,,,13.187106355659125,,8,,,,
595,852,2007,2015,11974.759896,11935.955808,11974.759896,11967.552460648649,-7.207435351350796,,10.0,,23.114,,43.942,17.207435351350796,,8,,,,
596,853,2007,2015,11980.852848,11941.018536000001,11980.852848,11972.622790342344,-8.230057657656289,,10.0,,17.018,,33.019999999999996,18.23005765765629,,8,,,,
594,854,2007,2015,11931.310656000001,11941.018536000001,11931.310656000001,11972.622790342344,41.31213434234269,10.0,19.0,24.892,17.018,29.971999999999998,27.94,51.56273434234269,,8,1.125,-0.9842499999999998,-0.25399999999999956,
599,857,2007,2015,12010.814688,11993.48376,12010.814688,12005.115818702401,-5.698869297599231,17.0,,87.37599999999999,,229.36199999999997,,15.69886929759923,,8,,,,
600,858,2007,2015,12033.473520000001,11999.430408,12033.473520000001,12028.572379157515,-4.901140842486711,17.0,,20.066,,23.114,,14.901140842486711,,8,,,,
601,859,2007,2015,12035.174304000002,12001.576200000001,12035.174304000002,12033.95471323077,-1.2195907692312176,,14.0,,46.99,,62.992,11.219590769231218,,8,,,,
602,860,2007,2015,12049.00308,12001.594488,12049.00308,12033.962122215384,-15.040957784616694,15.0,10.0,29.971999999999998,50.038,45.974,28.955999999999996,23.754357784616694,,8,-0.625,2.50825,-2.12725,
607,861,2007,2015,12080.662656,12007.934328000001,12080.662656,12036.530570215386,-44.1320857846149,,13.0,,8.128,,14.985999999999999,54.1320857846149,,8,,,,
611,875,2007,2015,12121.036464,12052.072416,12121.036464,12078.69505217276,-42.341411827241245,,15.0,,30.987999999999996,,33.019999999999996,52.341411827241245,,8,,,,
610,881,2007,2015,12115.059336,12056.178072,12115.059336,12082.90205797839,-32.15727802161018,11.0,12.0,36.068,40.132,34.036,40.132,34.43327802161018,,8,0.125,0.508,0.7619999999999996,
609,890,2007,2015,12082.802352,12086.136864,12082.802352,12113.804374871923,31.002022871922236,33.0,,84.32799999999999,,236.22,,41.292022871922235,,8,,,,
608,891,2007,2015,12082.601184000001,12086.237448000002,12082.601184000001,12113.904308490428,31.303124490426853,31.0,,128.26999999999998,,360.67999999999995,,41.30312449042685,,8,,,,
606,898,2007,2015,12068.059176,12086.825712000002,12068.059176,12114.440547826089,46.38137182608807,27.0,31.0,83.31199999999998,62.230000000000004,235.20399999999998,139.95399999999998,62.139571826088066,,8,0.5,-2.6352499999999974,-11.90625,
616,910,2007,2015,12403.482431999999,12415.275144000001,12403.482431999999,12423.814766097901,20.332334097902276,,27.0,,19.049999999999997,,29.971999999999998,30.332334097902276,,8,,,,
615,911,2007,2015,12397.41996,12415.305624,12397.41996,12423.831498125874,26.41153812587436,,10.0,,17.018,,40.132,36.41153812587436,,8,,,,
614,913,2007,2015,12395.828904000002,12416.91192,12395.828904000002,12430.51710750562,34.68820350561873,18.0,,50.038,,37.337999999999994,,44.68820350561873,,8,,,,
617,918,2007,2015,12500.177184000002,12422.928672,12500.177184000002,12451.469563428567,-48.707620571434745,10.0,,76.96199999999999,,33.019999999999996,,58.707620571434745,,8,,,,
629,928,2007,2015,12645.112632,12559.338864000001,12645.112632,12600.413903920464,-44.69872807953652,15.0,18.0,28.955999999999996,55.117999999999995,32.004,24.892,51.04112807953652,,8,0.375,3.27025,-0.8889999999999998,
632,929,2007,2015,12649.907136,12567.001536,12649.907136,12608.260624333665,-41.646511666334845,14.0,13.0,107.94999999999999,9.906,23.875999999999998,21.081999999999997,52.73531166633485,,8,-0.125,-12.255499999999998,-0.34925000000000006,
635,939,2007,2015,12662.739216,12652.144368000001,12662.739216,12693.213567161678,30.474351161677987,23.0,16.0,23.875999999999998,26.924,33.019999999999996,32.004,38.17575116167799,,8,-0.875,0.3810000000000002,-0.12699999999999978,
682,940,2007,2015,12736.43376,12652.183992,12736.43376,12693.25313184431,-43.18062815568919,11.0,29.0,20.066,18.034,18.034,34.036,63.26902815568919,,8,2.25,-0.254,2.0002500000000003,
640,943,2007,2015,12677.595168000002,12652.251048000002,12677.595168000002,12693.32008746108,15.724919461077661,10.0,11.0,76.96199999999999,14.985999999999999,14.985999999999999,23.114,23.920319461077664,,8,0.125,-7.746999999999999,1.0160000000000002,
683,945,2007,2015,12736.817808,12652.299816,12736.817808,12693.36878245509,-43.44902554490909,11.0,21.0,10.921999999999999,16.002,18.034,27.94,55.227625544909095,,8,1.25,0.635,1.2382500000000003,
673,967,2007,2015,12711.421872,12653.01,12711.421872,12694.07790330539,-17.34396869461125,16.0,22.0,56.388000000000005,68.072,62.738,59.181999999999995,24.882968694611247,,8,0.75,1.4604999999999997,-0.44450000000000056,
641,970,2007,2015,12677.732328,12653.165448000002,12677.732328,12694.233118598804,16.500790598804087,16.0,26.0,94.234,22.86,100.58399999999999,83.05799999999999,35.535790598804084,,8,1.25,-8.92175,-2.1907499999999995,
671,975,2007,2015,12703.033776000002,12658.4964,12703.033776000002,12699.556090131737,-3.4776858682653256,16.0,15.0,21.081999999999997,8.128,13.97,21.081999999999997,6.574285868265325,,8,-0.125,-1.6192499999999996,0.8889999999999996,
664,976,2007,2015,12695.77344,12658.795104,12695.77344,12699.690996071859,3.917556071857689,11.0,11.0,25.907999999999998,40.132,32.004,37.083999999999996,6.0129560718576895,,8,0.0,1.778,0.6349999999999998,
653,977,2007,2015,12691.204488,12658.807295999999,12691.204488,12699.69500227545,8.49051427545055,14.0,11.0,53.08599999999999,20.066,48.00599999999999,38.862,15.986914275450548,,8,-0.375,-4.1274999999999995,-1.142999999999999,
659,981,2007,2015,12694.795032,12658.810344,12694.795032,12699.69600382635,4.9009718263496325,24.0,23.0,23.875999999999998,21.081999999999997,18.034,53.08599999999999,9.920571826349633,,8,-0.125,-0.34925000000000006,4.381499999999999,
655,983,2007,2015,12694.057416,12658.859112000002,12694.057416,12699.71202864072,5.654612640721098,16.0,11.0,16.002,18.034,22.098,32.004,12.1484126407211,,8,-0.625,0.254,1.2382499999999999,
658,988,2007,2015,12694.654824,12664.723464,12694.654824,12701.639012568863,6.9841885688638286,15.0,15.0,19.049999999999997,11.937999999999999,18.034,23.875999999999998,8.434588568863829,,8,0.0,-0.8889999999999998,0.7302499999999998,
652,989,2007,2015,12690.878352,12664.763088,12690.878352,12701.65203273054,10.773680730540946,25.0,11.0,53.08599999999999,46.99,32.004,38.862,26.134080730540944,,8,-1.75,-0.7619999999999987,0.8572500000000005,
651,990,2007,2015,12684.087408000001,12664.824048,12684.087408000001,12701.672063748505,17.584655748503792,16.0,14.0,27.94,16.002,14.985999999999999,25.907999999999998,21.88565574850379,,8,-0.25,-1.4922500000000003,1.3652499999999999,
679,991,2007,2015,12724.296624,12664.891104000002,12724.296624,12701.694097868265,-22.60252613173543,11.0,14.0,18.034,16.002,13.97,40.132,28.711926131735428,,8,0.375,-0.254,3.27025,
680,992,2007,2015,12724.549608000001,12664.92768,12724.549608000001,12701.706116479043,-22.843491520958196,13.0,13.0,23.114,19.049999999999997,33.019999999999996,33.019999999999996,23.4398915209582,,8,0.0,-0.5080000000000005,0.0,
637,993,2007,2015,12663.245184000001,12664.988640000001,12663.245184000001,12701.726147497007,38.48096349700609,17.0,13.0,70.10399999999998,23.114,14.985999999999999,28.955999999999996,48.786963497006084,,8,-0.5,-5.873749999999998,1.7462499999999996,
678,997,2007,2015,12712.068048000001,12665.043504000001,12712.068048000001,12701.744175413176,-10.323872586825019,10.0,12.0,33.019999999999996,46.99,86.868,32.004,19.477272586825016,,8,0.25,1.7462500000000007,-6.858,
645,1002,2007,2015,12681.962952,12667.65564,12681.962952,12702.602504532935,20.63955253293534,11.0,12.0,36.068,46.99,23.114,14.985999999999999,23.809552532935342,,8,0.125,1.3652500000000005,-1.0160000000000002,
643,1003,2007,2015,12681.609384000001,12668.228664,12681.609384000001,12702.790796101797,21.181412101796013,13.0,10.0,38.862,49.022,35.05199999999999,23.114,26.66621210179601,,8,-0.375,1.2699999999999996,-1.492249999999999,
636,1009,2007,2015,12662.74836,12669.396048,12662.74836,12703.17439009581,40.42603009581035,11.0,11.0,20.066,12.953999999999999,20.066,19.049999999999997,41.53883009581034,,8,0.0,-0.889,-0.12700000000000022,
638,1010,2007,2015,12672.508056,12669.420431999999,12672.508056,12703.182402502995,30.674346502994013,19.0,17.0,56.13399999999999,42.672,45.72,53.848,34.86834650299401,,8,-0.25,-1.6827499999999995,1.016,
666,1024,2007,2015,12696.105672,12683.240064000001,12696.105672,12712.077192,15.971520000000965,21.0,30.0,75.946,48.767999999999994,64.51599999999999,83.05799999999999,29.708520000000963,,8,1.125,-3.3972500000000005,2.31775,
674,1037,2007,2015,12711.452352,12696.066048,12711.452352,12724.89937702145,13.447025021449008,14.0,28.0,141.986,45.974,370.84,111.76,63.23622502144901,,8,1.75,-12.0015,-32.385,
662,1039,2007,2015,12695.493024,12696.148344000001,12695.493024,12724.981324135664,29.48830013566476,14.0,17.0,72.136,49.022,106.426,109.728,35.41490013566475,,8,0.375,-2.8892499999999997,0.41274999999999906,
681,1049,2007,2015,12735.863784000001,12698.211840000002,12735.863784000001,12727.036072147634,-8.827711852367429,13.0,,97.78999999999999,,158.496,,18.82771185236743,,8,,,,
665,1052,2007,2015,12695.913648000002,12698.742192000002,12695.913648000002,12727.564175772572,31.650527772570058,19.0,21.0,93.472,50.038,69.85,33.019999999999996,41.89692777257006,,8,0.25,-5.42925,-4.60375,
656,1055,2007,2015,12694.106184000002,12700.714248000002,12694.106184000002,12729.527871435415,35.42168743541333,16.0,38.0,52.324,65.78599999999999,100.076,109.728,60.003087435413335,,8,2.75,1.6827499999999986,1.2065000000000001,
667,1057,2007,2015,12696.575064,12700.820928000001,12696.575064,12729.634099176063,33.059035176062025,13.0,45.0,60.45199999999999,59.943999999999996,54.864,40.894,66.69683517606202,,8,4.0,-0.06349999999999945,-1.7462499999999999,
677,1063,2007,2015,12712.068048000001,12701.314704000002,12712.068048000001,12730.12578186135,18.057733861349334,23.0,20.0,61.97599999999999,39.878,229.87,100.58399999999999,36.34613386134933,,8,-0.375,-2.762249999999999,-16.16075,
668,1072,2007,2015,12697.550424,12701.936496,12697.550424,12730.744937835412,33.19451383541309,16.0,40.0,83.31199999999998,21.081999999999997,36.321999999999996,65.532,66.5735138354131,,8,3.0,-7.778749999999999,3.65125,
647,1080,2007,2015,12682.228128,12702.140712000002,12682.228128,12730.9482880818,48.720160081798895,13.0,21.0,42.925999999999995,28.955999999999996,30.479999999999997,77.724,63.14156008179889,,8,1.0,-1.7462499999999999,5.905500000000001,
669,1081,2007,2015,12697.669296,12702.204720000002,12697.669296,12731.012024726188,33.34272872618749,15.0,33.0,200.152,27.94,69.85,73.406,69.21452872618748,,8,2.25,-21.5265,0.44450000000000145,
661,1097,2007,2015,12695.355864000001,12702.506472000001,12695.355864000001,12731.312497478306,35.956633478304866,14.0,18.0,67.564,71.11999999999999,67.056,72.39,40.92563347830487,,8,0.5,0.4444999999999997,0.6667500000000004,
646,1099,2007,2015,12682.020864,12702.607056,12682.020864,12731.412655062346,49.391791062345874,25.0,50.0,91.948,24.637999999999998,71.374,123.95199999999998,86.39059106234586,,8,3.125,-8.41375,6.572249999999999,
684,1137,2007,2015,12760.671456000002,12710.687304000001,12760.671456000002,12739.451188514258,-21.220267485743534,11.0,25.0,52.06999999999999,84.32799999999999,249.428,64.51599999999999,56.94726748574354,,8,1.75,4.0322499999999994,-23.114,
660,1191,2007,2015,12695.044968000002,12715.091664000001,12695.044968000002,12743.826905852928,48.781937852925694,15.0,31.0,93.98,28.701999999999995,90.42399999999999,40.894,76.5327378529257,,8,2.0,-8.15975,-6.191249999999999,
663,1206,2007,2015,12695.651520000001,12715.862808,12695.651520000001,12744.593034909454,48.94151490945296,12.0,31.0,52.832,38.099999999999994,57.40399999999999,96.774,73.38171490945297,,8,2.375,-1.8415000000000008,4.9212500000000015,
676,1252,2007,2015,12711.979656000001,12722.839680000001,12711.979656000001,12758.1524051355,46.172749135499544,11.0,33.0,104.648,22.605999999999998,451.10400000000004,85.598,113.08754913549954,,8,2.75,-10.25525,-45.688250000000004,
685,1301,2007,2015,12875.95596,12797.146872000001,12875.95596,12837.877978490264,-38.077981509735764,,14.0,,46.99,,52.06999999999999,48.077981509735764,,8,,,,
686,1302,2007,2015,12883.841136000001,12797.149920000002,12883.841136000001,12837.88102268597,-45.96011331403133,,12.0,,30.987999999999996,,50.038,55.96011331403133,,8,,,,
687,1308,2007,2015,13160.056992000002,13091.918952,13160.056992000002,13122.428341144854,-37.6286508551475,,16.0,,23.114,,49.022,47.6286508551475,,8,,,,
691,1317,2007,2015,13388.419248000002,13324.923312,13388.419248000002,13361.171460931346,-27.24778706865618,15.0,39.0,58.92799999999999,23.114,14.985999999999999,44.958,57.87138706865618,,8,3.0,-4.476749999999999,3.7465,
692,1318,2007,2015,13389.550056000002,13330.266456000001,13389.550056000002,13366.478718143286,-23.071337856716127,14.0,10.0,76.96199999999999,8.128,18.034,17.018,34.06133785671612,,8,-0.5,-8.604249999999999,-0.12699999999999978,
694,1320,2007,2015,13390.019448000001,13330.903488,13390.019448000001,13367.11147157015,-22.90797642985126,27.0,29.0,86.868,23.114,13.97,38.099999999999994,33.961376429851256,,8,0.25,-7.969249999999999,3.0162499999999994,
703,1321,2007,2015,13405.582536,13330.918728,13405.582536,13367.126609211942,-38.455926788057695,11.0,11.0,22.098,23.875999999999998,29.971999999999998,45.974,40.4889267880577,,8,0.0,0.22224999999999984,2.00025,
701,1322,2007,2015,13398.974472,13330.964448,13398.974472,13367.172022137314,-31.802449862685535,12.0,12.0,85.09,17.018,21.081999999999997,25.907999999999998,39.372249862685536,,8,0.0,-8.509,0.6032500000000001,
693,1338,2007,2015,13390.013352,13354.546824,13390.013352,13394.289765151832,4.2764131518324575,13.0,15.0,87.884,53.08599999999999,23.875999999999998,48.00599999999999,12.394213151832458,,8,0.25,-4.349750000000001,3.0162499999999994,
707,1339,2007,2015,13441.957368000001,13408.206864000002,13441.957368000001,13445.224824000003,3.2674560000014026,23.0,,278.638,,325.628,,13.357456000001402,,8,,,,
705,1341,2007,2015,13428.363288,13408.331832,13428.363288,13445.349792,16.986504000000423,13.0,16.0,128.016,22.098,14.985999999999999,40.894,33.17910400000042,,8,0.375,-13.239749999999999,3.2385,
706,1361,2007,2015,13428.396816,13410.477624,13428.396816,13447.495584,19.098767999999836,30.0,,46.99,,276.606,,29.378767999999837,,8,,,,
702,1368,2007,2015,13399.849248,13411.33716,13399.849248,13448.35512,48.50587199999973,10.0,17.0,56.896,22.098,36.068,35.05199999999999,59.11727199999972,,8,0.875,-4.34975,-0.12700000000000067,
708,1441,2007,2015,13452.22608,13425.428064000002,13452.22608,13462.372063841112,10.145983841111956,26.0,23.0,74.93,66.548,234.18800000000002,28.194000000000003,34.78858384111196,,8,-0.375,-1.0477500000000006,-25.749250000000004,
719,1472,2007,2015,13624.934904000002,13627.193472,13624.934904000002,13666.354092347308,41.41918834730677,10.0,11.0,23.114,12.953999999999999,23.114,14.985999999999999,44.447988347306776,,8,0.125,-1.2700000000000002,-1.0160000000000002,
716,1474,2007,2015,13624.166808,13627.412928000002,13624.166808,13666.5736031018,42.406795101800526,11.0,13.0,27.94,25.907999999999998,27.94,28.955999999999996,44.94159510180052,,8,0.25,-0.25400000000000045,0.12699999999999934,
720,1476,2007,2015,13625.721288,13627.534848000001,13625.721288,13666.695686390158,40.97439839015715,11.0,10.0,11.937999999999999,8.128,21.081999999999997,17.018,43.03179839015715,,8,-0.125,-0.47624999999999984,-0.5079999999999996,
715,1478,2007,2015,13623.986976000002,13627.809168000002,13623.986976000002,13666.976053947195,42.98907794719344,13.0,26.0,30.987999999999996,16.002,27.94,26.924,57.79927794719344,,8,1.625,-1.8732499999999996,-0.12700000000000022,
718,1488,2007,2015,13624.846512000002,13630.055544,13624.846512000002,13669.271952719817,44.425440719815015,10.0,13.0,33.019999999999996,13.97,32.004,26.924,50.07344071981502,,8,0.375,-2.3812499999999996,-0.6349999999999998,
724,1508,2007,2015,13704.819936,13638.47412,13704.819936,13677.876121525764,-26.943814474236206,17.0,18.0,26.924,16.002,26.924,34.036,30.04721447423621,,8,0.125,-1.36525,0.8890000000000002,
722,1518,2007,2015,13691.238048000001,13639.358040000001,13691.238048000001,13678.779528098437,-12.458519901563704,17.0,10.0,25.907999999999998,14.985999999999999,216.91599999999997,22.098,40.2525199015637,,8,-0.875,-1.3652499999999999,-24.352249999999998,
726,1534,2007,2015,13719.99288,13644.990744,13719.99288,13684.395499465936,-35.59738053406363,17.0,10.0,24.892,30.987999999999996,16.002,40.132,45.814980534063636,,8,-0.875,0.7619999999999996,3.01625,
725,1551,2007,2015,13715.113032,13663.443336,13715.113032,13702.82064881657,-12.292383183428683,12.0,,118.87199999999999,,248.92000000000002,,22.31738318342868,,8,,,,
731,1557,2007,2015,13762.140624,13677.613488,13762.140624,13717.014656912404,-45.1259670875952,14.0,20.0,30.987999999999996,21.081999999999997,34.036,32.004,52.6047670875952,,8,0.75,-1.2382499999999999,-0.25400000000000045,
729,1559,2007,2015,13758.196512000002,13677.881712000002,13758.196512000002,13717.283349484405,-40.91316251559692,14.0,21.0,24.892,17.018,27.94,24.892,49.275362515596925,,8,0.875,-0.9842499999999998,-0.3810000000000002,
732,1560,2007,2015,13766.849784000002,13677.945720000002,13766.849784000002,13717.347469302722,-49.50231469727987,21.0,29.0,11.937999999999999,24.892,13.97,38.099999999999994,61.385714697279866,,8,1.0,1.61925,3.0162499999999994,
733,1567,2007,2015,13769.379624,13688.513136000001,13769.379624,13727.933592746427,-41.44603125357207,22.0,20.0,21.081999999999997,16.002,36.068,28.955999999999996,44.735231253572074,,8,-0.25,-0.6349999999999998,-0.8890000000000002,
734,1588,2007,2015,13769.446680000001,13741.347168000002,13769.446680000001,13769.628947210764,0.18226721076280228,23.0,17.0,23.875999999999998,34.036,55.117999999999995,73.914,9.352867210762803,,8,-0.75,1.2700000000000005,2.349500000000001,
730,1604,2007,2015,13758.431208,13759.031664,13758.431208,13780.656085948052,22.22487794805238,47.0,,138.938,,141.986,,32.22487794805238,,8,,,,
735,1640,2007,2015,13881.975792000001,13828.891824,13881.975792000001,13867.986270502995,-13.989521497005626,,13.0,,13.97,,23.114,23.989521497005626,,8,,,,
736,1644,2007,2015,13922.166720000001,13903.92444,13922.166720000001,13928.255946666657,6.089226666656032,36.0,,97.02799999999999,,164.846,,16.08922666665603,,8,,,,
737,1645,2007,2015,14005.575240000002,13944.094031999999,14005.575240000002,13971.976848179864,-33.598391820138204,11.0,28.0,66.80199999999999,33.782,415.544,121.91999999999999,83.3877918201382,,8,2.125,-4.1274999999999995,-36.703,
746,1652,2007,2015,14079.294168000002,14027.651904000002,14079.294168000002,14066.46455086911,-12.829617130892075,11.0,27.0,19.049999999999997,40.894,30.987999999999996,59.943999999999996,34.054617130892076,,8,2.0,2.7305,3.6195,
747,1657,2007,2015,14079.297216,14046.049632,14079.297216,14084.861732080539,5.564516080537942,15.0,11.0,22.098,21.081999999999997,49.022,25.907999999999998,12.197516080537941,,8,-0.5,-0.12700000000000022,-2.88925,
745,1671,2007,2015,14079.288072000001,14047.201776000002,14079.288072000001,14086.01244413423,6.72437213422927,12.0,28.0,23.114,39.878,187.706,86.868,34.76957213422927,,8,2.0,2.0955,-12.60475,
753,1700,2007,2015,14135.956488,14052.197448,14135.956488,14091.001907245343,-44.95458075465649,12.0,14.0,23.875999999999998,21.081999999999997,26.924,35.05199999999999,48.16178075465649,,8,0.25,-0.34925000000000006,1.0159999999999991,
744,1701,2007,2015,14078.736384000002,14052.215736,14078.736384000002,14091.020172516035,12.283788516033383,14.0,32.0,55.117999999999995,35.05199999999999,118.11,88.89999999999999,35.48638851603338,,8,2.25,-2.5082500000000003,-3.651250000000001,
755,1702,2007,2015,14151.998112000001,14076.657648000002,14151.998112000001,14115.356710671986,-36.64140132801549,28.0,25.0,26.924,13.97,54.102,30.987999999999996,43.36320132801549,,8,-0.375,-1.6192499999999999,-2.88925,
743,1703,2007,2015,14078.715048000002,14076.678984000002,14078.715048000002,14115.377929674976,36.662881674974415,15.0,45.0,65.024,39.116,243.58599999999998,117.09400000000001,82.10788167497441,,8,3.75,-3.2385,-15.811499999999997,
757,1704,2007,2015,14154.101231999999,14076.682031999999,14154.101231999999,14115.380960961114,-38.720271038884675,14.0,12.0,14.985999999999999,24.892,18.034,42.925999999999995,44.26507103888467,,8,-0.25,1.23825,3.1114999999999995,
756,1707,2007,2015,14152.516272,14076.706416,14152.516272,14115.405211250249,-37.11106074975214,10.0,15.0,23.114,40.894,22.098,35.05199999999999,45.44446074975214,,8,0.625,2.2224999999999997,1.6192499999999992,
754,1709,2007,2015,14151.988968000001,14083.268759999999,14151.988968000001,14121.950453529264,-30.038514470737937,38.0,15.0,41.91,20.066,28.955999999999996,26.924,55.646114470737935,,8,-2.875,-2.7304999999999997,-0.25399999999999956,
752,1729,2007,2015,14125.364688,14097.070104000002,14125.364688,14135.715472920092,10.350784920092337,10.0,15.0,101.092,17.018,43.942,29.971999999999998,25.400184920092336,,8,0.625,-10.50925,-1.7462500000000003,
751,1730,2007,2015,14122.554431999999,14097.54864,14122.554431999999,14136.192698515311,13.638266515312353,24.0,11.0,116.078,14.985999999999999,18.034,23.875999999999998,37.591666515312355,,8,-1.625,-12.6365,0.7302499999999998,
750,1731,2007,2015,14103.733032,14097.600456000002,14103.733032,14136.24437262435,32.51134062434903,21.0,18.0,25.907999999999998,18.034,23.114,30.987999999999996,37.23614062434903,,8,-0.375,-0.9842499999999998,0.9842499999999994,
758,1789,2007,2015,14223.437136,14147.544984000002,14223.437136,14177.972052044835,-45.46508395516503,20.0,11.0,23.875999999999998,48.00599999999999,17.018,41.91,59.637283955165024,,8,-1.125,3.0162499999999994,3.1114999999999995,
759,1799,2007,2015,14234.763504000002,14157.737496,14234.763504000002,14187.394735657286,-47.368768342716066,,13.0,,27.94,,45.974,57.368768342716066,,8,,,,
763,1809,2007,2015,14285.924184000001,14257.407095999999,14285.924184000001,14284.172121523043,-1.7520624769585993,12.0,,86.868,,115.062,,11.7520624769586,,8,,,,
764,1824,2007,2015,14375.614631999999,14308.647024,14375.614631999999,14346.669972935064,-28.944659064934967,,16.0,,49.022,,56.13399999999999,38.94465906493497,,8,,,,
766,1831,2007,2015,14406.749952,14388.532056000002,14406.749952,14398.307374346292,-8.442577653708213,12.0,13.0,23.875999999999998,26.924,50.038,37.083999999999996,11.157777653708214,,8,0.125,0.3810000000000002,-1.61925,
765,1836,2007,2015,14406.743856000001,14391.8178,14406.743856000001,14398.998193314488,-7.745662685512798,11.0,,77.216,,179.832,,17.745662685512798,,8,,,,
772,1841,2007,2015,14439.476328,14422.925688,14439.476328,14437.966993249138,-1.509334750862763,11.0,11.0,10.921999999999999,30.987999999999996,18.034,40.894,6.091934750862762,,8,0.0,2.5082499999999994,2.8575,
773,1842,2007,2015,14439.522048,14425.998072,14439.522048,14448.424109098974,8.902061098973718,14.0,17.0,16.002,22.098,18.034,37.083999999999996,14.636661098973718,,8,0.375,0.762,2.3812499999999996,
775,1845,2007,2015,14492.758416,14426.059032,14492.758416,14448.63159155631,-44.126824443690566,15.0,10.0,23.114,12.953999999999999,36.068,26.924,51.16222444369056,,8,-0.625,-1.2700000000000002,-1.1429999999999998,
768,1848,2007,2015,14416.802256,14429.548992000002,14416.802256,14462.066931135398,45.26467513539683,14.0,12.0,18.034,14.985999999999999,22.098,27.94,48.32867513539683,,8,-0.25,-0.381,0.7302500000000003,
774,1857,2007,2015,14492.673072000001,14447.629728000002,14492.673072000001,14480.640330380049,-12.032741619952503,33.0,41.0,126.23799999999999,82.80399999999999,468.62999999999994,106.934,60.6657416199525,,8,1.0,-5.42925,-45.21199999999999,
776,1878,2007,2015,14536.161936,14462.324136000001,14536.161936,14495.163820941887,-40.9981150581134,,11.0,,8.128,,14.985999999999999,50.9981150581134,,8,,,,
777,1879,2007,2015,14540.679072,14472.089928000001,14540.679072,14504.932059282566,-35.7470127174347,10.0,15.0,29.971999999999998,17.018,23.875999999999998,76.96199999999999,47.6060127174347,,8,0.625,-1.6192499999999996,6.635749999999999,
778,1881,2007,2015,14568.735912000002,14515.658040000002,14568.735912000002,14537.308431161679,-31.42748083832339,,26.0,,48.513999999999996,,122.93599999999999,41.42748083832339,,8,,,,
782,1895,2007,2015,14811.826104000002,14815.505040000002,14811.826104000002,14812.961249687422,1.1351456874199357,,12.0,,36.068,,44.958,11.135145687419936,,8,,,,
781,1896,2007,2015,14805.763632,14815.684872,14805.763632,14813.180384233794,7.416752233793886,,14.0,,26.924,,147.066,17.416752233793886,,8,,,,
780,1897,2007,2015,14794.18428,14815.694016,14794.18428,14813.191526668357,19.007246668357766,,18.0,,23.875999999999998,,117.09400000000001,29.007246668357766,,8,,,,
783,1898,2007,2015,14837.788968000003,14817.36432,14837.788968000003,14815.42722075,-22.361747250002736,22.0,,102.10799999999999,,14.985999999999999,,32.361747250002736,,8,,,,
784,1899,2007,2015,14873.987016000001,14829.221040000002,14873.987016000001,14836.245824226076,-37.741191773924584,,,,,,,47.741191773924584,,8,,,,
785,1900,2007,2015,14875.712184000002,14835.204264,14875.712184000002,14860.235058434773,-15.477125565228562,36.0,,176.53,,210.05799999999996,,25.47712556522856,,8,,,,
787,1908,2007,2015,15292.830984000002,15291.322224,15292.830984000002,15311.607337696303,18.776353696301157,,10.0,,30.987999999999996,,22.098,28.776353696301157,,8,,,,
794,1909,2007,2015,15301.273944,15291.322224,15301.273944,15311.607337696303,10.333393696302664,16.0,23.0,16.002,18.034,18.034,35.05199999999999,19.45839369630266,,8,0.875,0.254,2.127249999999999,
789,1912,2007,2015,15299.137295999999,15315.249024,15299.137295999999,15335.36665375025,36.22935775025144,12.0,22.0,24.892,18.034,26.924,38.099999999999994,48.272757750251444,,8,1.25,-0.8572500000000001,1.3969999999999994,
795,1954,2007,2015,15447.580992000001,15369.491232,15447.580992000001,15404.446592067881,-43.13439993211978,15.0,,50.038,,14.985999999999999,,53.13439993211978,,8,,,,
796,1955,2007,2015,15465.152712000001,15384.935448000002,15465.152712000001,15419.832727778446,-45.31998422155448,16.0,13.0,14.985999999999999,12.953999999999999,18.034,36.068,50.43158422155447,,8,-0.375,-0.254,2.25425,
799,1958,2007,2015,15603.464856,15526.444944,15603.464856,15561.95427185618,-41.51058414381987,,,,,,,51.51058414381987,,8,,,,
797,1959,2007,2015,15581.555832,15526.649159999999,15581.555832,15562.157875973035,-19.397956026965403,14.0,,11.937999999999999,,18.034,,29.397956026965403,,8,,,,
798,1960,2007,2015,15602.111544000001,15527.255712000002,15602.111544000001,15562.762610588767,-39.34893341123461,10.0,,62.992,,132.588,,49.34893341123461,,8,,,,
800,1961,2007,2015,15610.792248000002,15527.545272000001,15610.792248000002,15563.05130299326,-47.74094500674073,,,,,,,57.74094500674073,,8,,,,
801,1962,2007,2015,15616.952256,15606.967008,15616.952256,15613.486373868995,-3.4658821310058556,,14.0,,8.889999999999999,,16.002,13.465882131005856,,8,,,,
802,1973,2007,2015,15705.774024,15642.323808000001,15705.774024,15659.54176185892,-46.232262141080355,,,,,,,56.232262141080355,,8,,,,
803,1978,2007,2015,15816.318888,15755.611872000001,15816.318888,15776.72231081928,-39.59657718072049,18.0,20.0,14.985999999999999,21.081999999999997,18.034,36.068,44.23957718072049,,8,0.25,0.7619999999999998,2.25425,
807,1983,2007,2015,16211.693256,16212.958176000002,16211.693256,16247.540293272,35.84703727200031,21.0,22.0,102.86999999999999,22.098,38.862,102.86999999999999,51.3550372720003,,8,0.125,-10.096499999999999,8.000999999999998,
809,1985,2007,2015,16211.738976000002,16213.488528000002,16211.738976000002,16248.07101137472,36.332035374716725,12.0,12.0,43.942,40.132,46.99,61.97599999999999,38.231635374716724,,8,0.0,-0.4762500000000003,1.8732499999999987,
812,1991,2007,2015,16486.15956,16405.552152,16486.15956,16437.729821010988,-48.42973898901255,,15.0,,16.002,,32.004,58.42973898901255,,8,,,,
814,2011,2007,2015,16948.903872,16895.725416,16948.903872,16929.47807358564,-19.425798414358724,23.0,,12.953999999999999,,16.002,,29.425798414358724,,8,,,,
821,2015,2007,2015,17267.855736,17214.63156,17267.855736,17234.213883405657,-33.64185259434453,,15.0,,16.002,,49.022,43.64185259434453,,8,,,,
820,2016,2007,2015,17186.891712,17214.637656000003,17186.891712,17234.223367465296,47.331655465295626,10.0,13.0,18.034,13.97,41.91,36.068,51.332255465295624,,8,0.375,-0.5079999999999998,-0.7302499999999998,
822,2019,2007,2015,17336.097408,17285.707872,17336.097408,17302.723225406426,-33.374182593575824,,12.0,,22.098,,40.132,43.374182593575824,,8,,,,
823,2029,2007,2015,17355.278472,17295.589488,17355.278472,17318.37576725362,-36.90270474638237,,,,,,,46.90270474638237,,8,,,,
824,2030,2007,2015,17380.878624,17315.50512,17380.878624,17335.116259596336,-45.76236440366483,,10.0,,16.002,,21.081999999999997,55.76236440366483,,8,,,,
825,2044,2007,2015,17402.0226,17347.445112,17402.0226,17352.204296938595,-49.81830306140546,,15.0,,55.117999999999995,,41.91,59.81830306140546,,8,,,,
826,2048,2007,2015,17413.845792,17364.05976,17413.845792,17374.07469611765,-39.7710958823518,,,,,,,49.7710958823518,,8,,,,
827,2049,2007,2015,17421.5298,17365.221048000003,17421.5298,17379.4432292001,-42.08657079990007,,10.0,,26.924,,57.91199999999999,52.08657079990007,,8,,,,
833,2059,2007,2015,17438.168832,17465.119248000003,17438.168832,17438.31414362791,0.14531162791172392,,,,,,,10.145311627911724,,8,,,,
832,2060,2007,2015,17437.449504,17465.652648000003,17437.449504,17438.435271398088,0.9857673980877735,,,,,,,10.985767398087773,,8,,,,
834,2062,2007,2015,17440.079928000003,17468.292216,17440.079928000003,17439.034680820798,-1.0452471792050346,,,,,,,11.045247179205035,,8,,,,
836,2066,2007,2015,17440.619424,17469.355968000003,17440.619424,17439.276244202465,-1.343179797535413,,,,,,,11.343179797535413,,8,,,,
831,2067,2007,2015,17436.919152,17469.874128,17436.919152,17439.39391117921,2.474759179211105,,,,,,,12.474759179211105,,8,,,,
839,2068,2007,2015,17441.917872,17470.127112000002,17441.917872,17439.45136035021,-2.4665116497926647,,,,,,,12.466511649792665,,8,,,,
