joint_number,J. len [ft],t [in],dist_to_us_weld,distance_along_line,Height [ft],feature_type,depth_percent,ID Reduction [%],P2 Burst / MOP,internal,comment,run_year,row_index,distance_raw_m,dist_to_us_weld_m,clock_position_deg,length_mm,width_mm,distance_corrected_m
,,0.449,,-27.82,803.6748,Area Start Launcher,,,,,,2007,0,-8.479536000000001,,,,,-8.479536000000001
,,,,-19.48,803.6644,Support,,,,,,2007,1,-5.937504000000001,,180.0,,,-5.937504000000001
,,,,-15.78,803.6598,Support,,,,,,2007,2,-4.809744,,180.0,,,-4.809744
,,,,-12.21,803.6553,Tap,,,,,,2007,3,-3.7216080000000002,,180.0,,,-3.7216080000000002
,,,,-6.49,803.6481,Support,,,,,Strap,2007,4,-1.9781520000000001,,,,,-1.9781520000000001
10.0,26.46,0.5,,-5.3,803.6466,Flange,,,,,,2007,5,-1.61544,,,,,-1.61544
,,,,-1.38,803.6417,Tap,,,,,,2007,6,-0.420624,,270.0,,,-0.420624
,,,,0.0,803.64,Valve,,,,,,2007,7,0.0,,,,,0.0
,,,,1.41,803.6382,Tap,,,,,,2007,8,0.429768,,270.0,,,0.429768
20.0,7.23,0.344,,21.15,801.7901,Area End Launcher,,,,,"0.344""",2007,12,6.44652,,,,,6.44652
,,,,21.57,801.71,Magnet,,,,,ROSEN,2007,13,6.574536,,0.0,,,6.574536
,,,,29.8,800.2077,Above Ground Marker,,,,,Launcher,2007,15,9.08304,,,,,9.08304
,,,,107.46,799.493,Bend,,,,,5.2D - 22° - Over,2007,23,32.753808,,,,,32.753808
,,0.344,-21.69,125.12,797.4828,Cluster,16.0,,,NO,,2007,24,38.136576000000005,-6.611112,272.0,90.16999999999999,67.056,38.136576000000005
,,0.344,-24.15,127.58,797.199,Cluster,18.0,,,NO,,2007,25,38.886384,-7.36092,175.0,50.8,87.37599999999999,38.886384
,,0.344,-39.17,605.58,797.0721,Cluster,10.0,,,NO,,2007,49,184.58078400000002,-11.939016,294.0,21.843999999999998,61.214,184.58078400000002
,,0.344,-30.35,636.8,802.0368,Cluster,15.0,,,NO,,2007,51,194.09664,-9.250680000000001,139.0,46.99,227.07599999999996,194.09664
,,,,642.57,802.7909,Bend,,,,,5.0D - 25° - Over,2007,53,195.85533600000002,,,,,195.85533600000002
,,,,651.09,802.9466,Bend,,,,,6.0D - 19° - Left,2007,55,198.452232,,,,,198.452232
,,0.344,-13.32,668.73,803.305,Cluster,21.0,,1.74,NO,,2007,57,203.82890400000002,-4.059936,47.0,118.618,257.556,203.82890400000002
,,0.344,-13.41,668.81,803.3067,metal loss,40.0,,1.85,NO,,2007,58,203.853288,-4.087368000000001,289.0,25.907999999999998,23.875999999999998,203.853288
,,0.344,-0.86,679.22,804.051,metal loss,25.0,,1.81,NO,,2007,62,207.02625600000002,-0.262128,248.0,59.943999999999996,33.019999999999996,207.02625600000002
,,0.344,-0.92,679.28,804.058,metal loss,15.0,,,NO,,2007,63,207.044544,-0.280416,265.0,40.894,151.13,207.044544
,,,,949.2,819.7213,Bend,,,,,7.1D - 33° - Right,2007,75,289.31616,,,,,289.31616
,,0.344,-1.56,957.34,820.5215,Cluster,28.0,,1.74,NO,,2007,77,291.797232,-0.475488,128.5,87.884,84.582,291.797232
,,0.344,-1.77,957.56,820.5458,metal loss,17.0,,,NO,,2007,78,291.864288,-0.5394960000000001,112.0,28.955999999999996,28.955999999999996,291.864288
,,0.344,-38.85,1198.08,842.8628,Cluster,13.0,,,YES,,2007,87,365.174784,-11.84148,125.0,124.46000000000001,28.194000000000003,365.174784
,,0.344,-5.26,1204.54,843.5122,Cluster,13.0,,,YES,,2007,89,367.143792,-1.603248,118.0,208.53400000000002,130.302,367.143792
,,0.344,-27.45,1226.73,845.7444,Cluster,10.0,,,YES,,2007,90,373.907304,-8.366760000000001,235.5,52.06999999999999,18.541999999999998,373.907304
,,0.344,-32.07,1231.34,846.2109,Cluster,10.0,,,YES,,2007,91,375.312432,-9.774936,112.0,114.04599999999999,123.95199999999998,375.312432
,,0.344,-38.85,1238.12,846.9762,Cluster,10.0,,,YES,,2007,92,377.37897599999997,-11.84148,235.5,24.637999999999998,45.211999999999996,377.37897599999997
,,0.344,-0.16,1239.41,847.1265,Cluster,11.0,,,YES,,2007,94,377.772168,-0.048768000000000006,112.5,23.875999999999998,98.55199999999999,377.772168
,,0.344,-3.37,1242.62,847.502,Cluster,11.0,,,YES,,2007,95,378.75057599999997,-1.027176,105.5,207.518,151.13,378.75057599999997
,,0.344,-13.67,1252.92,848.7088,Cluster,10.0,,,YES,,2007,96,381.89001600000006,-4.166616,230.5,139.192,133.60399999999998,381.89001600000006
,,0.344,-17.53,1256.78,849.1625,Cluster,10.0,,,YES,,2007,97,383.066544,-5.343144000000001,107.5,25.907999999999998,55.88,383.066544
,,0.344,-23.45,1262.7,849.8628,Cluster,11.0,,,YES,,2007,98,384.87096,-7.14756,232.5,637.0319999999999,155.956,384.87096
,,0.344,-25.02,1264.27,850.0493,metal loss,10.0,,,YES,,2007,99,385.349496,-7.626096,98.5,11.937999999999999,14.985999999999999,385.349496
,,0.344,-26.64,1265.9,850.2413,Cluster,11.0,,,YES,,2007,100,385.84632000000005,-8.119872,100.0,195.57999999999998,101.092,385.84632000000005
,,0.344,-36.54,1275.79,851.4171,Cluster,10.0,,,YES,,2007,101,388.860792,-11.137392,248.0,127.762,98.044,388.860792
,,0.344,-37.65,1276.9,851.5489,Cluster,11.0,,,YES,,2007,102,389.19912000000005,-11.47572,239.5,233.426,127.25399999999999,389.19912000000005
,,0.344,-39.55,1278.81,851.7731,Cluster,10.0,,,YES,,2007,103,389.781288,-12.05484,233.0,135.89,243.58599999999998,389.781288
,,0.344,-5.12,1284.35,852.4263,Cluster,11.0,,,YES,,2007,105,391.46988,-1.5605760000000002,79.0,62.230000000000004,202.184,391.46988
,,0.344,-17.29,1296.52,853.8535,Cluster,10.0,,,YES,,2007,106,395.179296,-5.269992,260.5,42.672,127.25399999999999,395.179296
,,0.344,-17.74,1296.97,853.9065,Cluster,10.0,,,YES,,2007,107,395.316456,-5.407152,82.5,63.5,90.42399999999999,395.316456
,,0.344,-20.56,1299.79,854.2387,Cluster,10.0,,,YES,,2007,108,396.175992,-6.266688,256.5,130.81,118.11,396.175992
,,0.344,-23.44,1302.67,854.5774,metal loss,12.0,,,YES,,2007,109,397.05381600000004,-7.144512000000001,58.5,13.97,13.97,397.05381600000004
,,0.344,-3.65,1322.91,856.9639,Cluster,10.0,,,YES,,2007,111,403.22296800000004,-1.11252,286.5,46.228,57.40399999999999,403.22296800000004
,,0.344,-11.21,1330.47,857.8544,Cluster,10.0,,,YES,,2007,112,405.527256,-3.4168080000000005,260.0,241.046,191.00799999999998,405.527256
,,0.344,-21.77,1341.04,859.1039,Cluster,10.0,,,YES,,2007,113,408.748992,-6.635496,24.5,703.834,495.80799999999994,408.748992
,,0.344,-22.93,1342.19,859.2408,metal loss,10.0,,,YES,,2007,114,409.09951200000006,-6.989064,12.0,14.985999999999999,18.034,409.09951200000006
,,0.344,-29.41,1348.67,860.0116,metal loss,10.0,,,YES,,2007,115,411.07461600000005,-8.964168,13.0,13.97,18.034,411.07461600000005
,,0.344,-30.73,1349.99,860.1694,Cluster,11.0,,,YES,,2007,116,411.47695200000004,-9.366504,50.0,40.894,99.05999999999999,411.47695200000004
,,0.344,-39.98,1359.24,861.2799,Cluster,13.0,,,YES,,2007,117,414.296352,-12.185903999999999,264.0,199.39,310.642,414.296352
,,0.344,-4.19,1363.47,861.7895,Cluster,10.0,,,YES,,2007,119,415.58565600000003,-1.2771120000000002,29.5,93.472,439.42,415.58565600000003
,,0.344,-6.84,1366.12,862.1094,Cluster,12.0,,,YES,,2007,120,416.393376,-2.084832,52.5,338.83599999999996,363.474,416.393376
,,0.344,-7.39,1366.68,862.1763,Cluster,12.0,,,YES,,2007,121,416.56406400000003,-2.252472,282.5,71.88199999999999,84.074,416.56406400000003
,,0.344,-7.79,1367.08,862.2245,Cluster,11.0,,,YES,,2007,122,416.685984,-2.3743920000000003,247.5,1123.696,309.626,416.685984
,,0.344,-8.89,1368.18,862.3573,Cluster,11.0,,,YES,,2007,123,417.02126400000003,-2.7096720000000003,65.0,671.8299999999999,319.786,417.02126400000003
,,0.344,-11.78,1371.07,862.7063,Cluster,10.0,,,YES,,2007,124,417.902136,-3.590544,244.5,358.64799999999997,343.154,417.902136
,,0.344,-12.24,1371.53,862.7616,Cluster,13.0,,,YES,,2007,125,418.042344,-3.7307520000000003,62.5,308.102,301.24399999999997,418.042344
,,0.344,-13.15,1372.43,862.871,Cluster,10.0,,,YES,,2007,126,418.31666400000006,-4.00812,69.0,389.128,293.116,418.31666400000006
,,0.344,-15.15,1374.44,863.113,Cluster,10.0,,,YES,,2007,127,418.92931200000004,-4.61772,248.0,178.05399999999997,299.974,418.92931200000004
,,0.344,-16.78,1376.07,863.3097,Cluster,11.0,,,YES,,2007,128,419.426136,-5.114544,293.0,43.18,46.228,419.426136
,,0.344,-20.62,1379.91,863.77,Cluster,10.0,,,YES,,2007,129,420.59656800000005,-6.284976,253.5,164.846,281.43199999999996,420.59656800000005
,,0.344,-20.79,1380.08,863.7899,Cluster,11.0,,,YES,,2007,130,420.648384,-6.336792,62.0,334.264,320.294,420.648384
,,0.344,-21.68,1380.97,863.8966,Cluster,10.0,,,YES,,2007,131,420.91965600000003,-6.608064000000001,251.0,145.796,69.08800000000001,420.91965600000003
,,0.344,-21.96,1381.24,863.9297,Cluster,10.0,,,YES,,2007,132,421.001952,-6.693408000000001,92.0,55.372,95.758,421.001952
,,0.344,-23.32,1382.61,864.0927,Cluster,11.0,,,YES,,2007,133,421.419528,-7.1079360000000005,62.0,230.63199999999998,300.48199999999997,421.419528
,,0.344,-24.35,1383.64,864.2158,Cluster,10.0,,,YES,,2007,134,421.73347200000006,-7.421880000000001,250.5,123.95199999999998,304.292,421.73347200000006
,,0.344,-30.6,1389.89,864.9379,Cluster,13.0,,,YES,,2007,135,423.63847200000004,-9.326880000000001,58.0,241.046,308.61,423.63847200000004
,,0.344,-35.26,1394.54,865.4626,Cluster,10.0,,,YES,,2007,136,425.055792,-10.747248,58.0,194.564,355.854,425.055792
,,0.344,-35.43,1394.71,865.4814,Cluster,11.0,,,YES,,2007,137,425.107608,-10.799064000000001,254.5,342.64599999999996,286.76599999999996,425.107608
,,0.344,-36.63,1395.92,865.6171,Cluster,11.0,,,YES,,2007,138,425.47641600000003,-11.164824000000001,258.0,114.80799999999998,243.58599999999998,425.47641600000003
,,0.344,-38.81,1398.09,865.8604,Cluster,11.0,,,YES,,2007,139,426.137832,-11.829288000000002,204.0,140.20799999999997,510.28599999999994,426.137832
,,0.344,-39.42,1398.71,865.9294,Cluster,10.0,,,YES,,2007,140,426.326808,-12.015216,251.0,205.99399999999997,443.22999999999996,426.326808
,,0.344,-39.43,1398.71,865.9296,Cluster,12.0,,,YES,,2007,141,426.326808,-12.018264,66.5,170.18,262.382,426.326808
,,0.344,-39.45,1398.73,865.9318,Cluster,13.0,,,YES,,2007,142,426.33290400000004,-12.024360000000001,176.5,182.626,150.114,426.33290400000004
,,0.344,-0.06,1399.35,866.0009,Cluster,11.0,,,YES,,2007,144,426.52188,-0.018288,56.5,141.732,336.804,426.52188
,,0.344,-0.53,1399.82,866.0529,Cluster,10.0,,,YES,,2007,145,426.665136,-0.16154400000000002,54.0,328.92999999999995,372.87199999999996,426.665136
,,0.344,-4.99,1404.28,866.5504,Cluster,10.0,,,YES,,2007,146,428.024544,-1.520952,81.5,40.132,164.338,428.024544
,,0.344,-5.63,1404.92,866.6216,Cluster,11.0,,,YES,,2007,147,428.21961600000003,-1.716024,255.0,88.138,71.374,428.21961600000003
,,0.344,-5.68,1404.97,866.6281,Cluster,10.0,,,YES,,2007,148,428.23485600000004,-1.731264,259.0,157.226,257.04799999999994,428.23485600000004
,,0.344,-6.75,1406.04,866.7475,Cluster,10.0,,,YES,,2007,149,428.560992,-2.0574,277.5,131.31799999999998,204.21599999999998,428.560992
,,0.344,-7.67,1406.96,866.8492,Cluster,10.0,,,YES,,2007,150,428.84140800000006,-2.337816,251.5,446.78599999999994,336.296,428.84140800000006
,,0.344,-9.24,1408.53,867.0232,Cluster,10.0,,,YES,,2007,151,429.319944,-2.816352,259.5,231.64799999999997,284.734,429.319944
,,0.344,-9.86,1409.15,867.0924,Cluster,10.0,,,YES,,2007,152,429.50892000000005,-3.005328,65.0,163.32199999999997,150.114,429.50892000000005
,,0.344,-13.25,1412.54,867.469,Cluster,11.0,,,YES,,2007,153,430.542192,-4.038600000000001,265.5,466.598,292.60799999999995,430.542192
,,0.344,-15.8,1415.09,867.7519,Cluster,10.0,,,YES,,2007,154,431.319432,-4.815840000000001,65.0,123.18999999999998,172.46599999999998,431.319432
,,0.344,-19.92,1419.21,868.2067,metal loss,10.0,,,YES,,2007,155,432.57520800000003,-6.071616000000001,11.0,17.018,18.034,432.57520800000003
,,0.344,-20.2,1419.48,868.2372,Cluster,12.0,,,YES,,2007,156,432.657504,-6.15696,254.5,859.79,371.856,432.657504
,,0.344,-24.08,1423.37,868.6651,Cluster,10.0,,,YES,,2007,157,433.84317599999997,-7.339583999999999,56.5,168.91,164.846,433.84317599999997
,,0.344,-25.11,1424.4,868.7783,Cluster,11.0,,,YES,,2007,158,434.1571200000001,-7.6535280000000006,261.0,949.9599999999999,341.12199999999996,434.1571200000001
,,0.344,-26.15,1425.43,868.8925,Cluster,14.0,,,YES,,2007,159,434.47106400000007,-7.97052,68.5,312.16599999999994,189.48399999999998,434.47106400000007
,,0.344,-29.65,1428.94,869.2758,Cluster,10.0,,,YES,,2007,160,435.54091200000005,-9.03732,57.0,152.654,215.392,435.54091200000005
,,0.344,-30.2,1429.49,869.3364,Cluster,12.0,,,YES,,2007,161,435.708552,-9.20496,54.5,191.516,219.202,435.708552
,,0.344,-31.62,1430.91,869.4911,Cluster,10.0,,,YES,,2007,162,436.14136800000006,-9.637776,64.5,97.78999999999999,167.132,436.14136800000006
,,0.344,-33.05,1432.34,869.6466,Cluster,10.0,,,YES,,2007,163,436.577232,-10.07364,52.0,314.452,314.452,436.577232
,,0.344,-34.03,1433.32,869.7533,metal loss-manufacturing anomaly,12.0,,,,,2007,164,436.875936,-10.372344,350.5,16.002,18.034,436.875936
,,0.344,-36.25,1435.54,869.9959,Cluster,10.0,,,YES,,2007,165,437.552592,-11.049000000000001,58.0,132.842,243.58599999999998,437.552592
,,0.344,-39.21,1438.5,870.3163,Cluster,10.0,,,YES,,2007,166,438.45480000000003,-11.951208000000001,55.5,176.276,202.184,438.45480000000003
,,0.344,-39.46,1438.75,870.3431,Cluster,17.0,,,YES,,2007,167,438.531,-12.027408000000001,241.5,164.592,384.04799999999994,438.531
,,0.344,-0.01,1439.24,870.3961,Cluster,12.0,,,YES,,2007,169,438.680352,-0.0030480000000000004,275.5,149.606,196.342,438.680352
,,0.344,-0.02,1439.25,870.3977,Cluster,10.0,,,YES,,2007,170,438.6834,-0.006096000000000001,66.0,102.362,145.796,438.6834
,,0.344,-9.19,1448.43,871.3845,Cluster,10.0,,,YES,,2007,171,441.481464,-2.801112,229.0,29.209999999999997,87.884,441.481464
,,0.344,-15.41,1454.64,872.043,Cluster,11.0,,,YES,,2007,172,443.3742720000001,-4.696968,276.0,98.806,268.73199999999997,443.3742720000001
,,0.344,-19.3,1458.54,872.4545,Cluster,10.0,,,YES,,2007,173,444.562992,-5.88264,298.5,15.748,45.72,444.562992
,,0.344,-22.61,1461.84,872.8023,Cluster,11.0,,,YES,,2007,174,445.568832,-6.891528,283.5,208.53400000000002,220.218,445.568832
,,0.344,-23.36,1462.59,872.881,Cluster,10.0,,,YES,,2007,175,445.797432,-7.120128,264.5,284.734,290.068,445.797432
,,0.344,-24.14,1463.37,872.9627,Cluster,10.0,,,YES,,2007,176,446.035176,-7.357872,32.0,507.49199999999996,284.734,446.035176
,,0.344,-25.66,1464.89,873.1228,Cluster,10.0,,,YES,,2007,177,446.49847200000005,-7.821168,32.0,348.488,297.434,446.49847200000005
,,0.344,-26.78,1466.02,873.2407,Cluster,10.0,,,YES,,2007,178,446.842896,-8.162544,271.5,556.2599999999999,321.818,446.842896
,,0.344,-27.2,1466.43,873.2848,Cluster,10.0,,,YES,,2007,179,446.967864,-8.290560000000001,34.5,265.176,255.27,446.967864
,,0.344,-34.64,1473.88,874.0644,Cluster,10.0,,,YES,,2007,180,449.2386240000001,-10.558272,43.0,144.272,262.382,449.2386240000001
,,0.344,-3.61,1477.89,874.4844,Cluster,11.0,,,YES,,2007,182,450.46087200000005,-1.100328,271.5,883.412,350.52,450.46087200000005
,,0.344,-6.85,1481.13,874.8229,metal loss,10.0,,,YES,,2007,183,451.44842400000005,-2.08788,101.5,14.985999999999999,13.97,451.44842400000005
,,0.344,-6.97,1481.25,874.8359,Cluster,10.0,,,YES,,2007,184,451.485,-2.124456,32.0,148.33599999999998,308.102,451.485
,,0.344,-14.31,1488.59,875.6039,metal loss,10.0,,,YES,,2007,185,453.722232,-4.361688,279.5,12.953999999999999,16.002,453.722232
,,0.344,-19.76,1494.04,876.1739,Cluster,11.0,,,YES,,2007,186,455.383392,-6.022848000000001,266.0,522.732,310.642,455.383392
,,0.344,-33.6,1507.88,877.6284,Cluster,10.0,,,YES,,2007,187,459.6018240000001,-10.241280000000001,37.0,177.79999999999998,200.152,459.6018240000001
,,0.344,-36.69,1510.97,877.9545,Cluster,11.0,,,YES,,2007,188,460.54365600000006,-11.183112,53.0,102.616,158.496,460.54365600000006
,,0.344,-38.02,1512.3,878.0946,Cluster,10.0,,,YES,,2007,189,460.94904,-11.588496000000001,291.5,114.80799999999998,177.03799999999998,460.94904
,,0.344,-3.38,1517.65,878.6589,Cluster,10.0,,,YES,,2007,191,462.57972000000007,-1.030224,46.5,323.342,218.69399999999996,462.57972000000007
,,0.344,-4.14,1518.41,878.7387,Cluster,10.0,,,YES,,2007,192,462.8113680000001,-1.2618719999999999,31.0,276.09799999999996,170.18,462.8113680000001
,,0.344,-28.16,1542.43,881.2638,Cluster,10.0,,,YES,,2007,193,470.13266400000003,-8.583168,53.5,152.654,147.32,470.13266400000003
,,0.344,-39.61,1553.88,882.4519,Cluster,10.0,,,YES,,2007,194,473.62262400000003,-12.073128,305.5,115.82399999999998,210.05799999999996,473.62262400000003
,,0.344,-5.75,1560.05,883.08,metal loss,11.0,,,YES,,2007,196,475.50324,-1.7526000000000002,298.0,19.049999999999997,13.97,475.50324
,,0.344,-9.49,1563.79,883.4539,Cluster,10.0,,,YES,,2007,197,476.643192,-2.8925520000000002,313.0,277.62199999999996,169.164,476.643192
,,0.344,-17.53,1571.84,884.2396,Cluster,11.0,,,YES,,2007,198,479.096832,-5.343144000000001,320.0,114.80799999999998,84.582,479.096832
,,0.344,-21.56,1575.87,884.6258,Cluster,15.0,,,YES,,2007,199,480.325176,-6.5714879999999996,317.5,187.706,175.51399999999998,480.325176
,,0.344,-27.71,1582.01,885.2172,Cluster,10.0,,,YES,,2007,200,482.19664800000004,-8.446008,318.5,82.80399999999999,110.23599999999999,482.19664800000004
,,0.344,-29.84,1584.15,885.4233,Cluster,14.0,,,YES,,2007,201,482.8489200000001,-9.095232000000001,317.5,98.806,79.756,482.8489200000001
,,0.344,-30.3,1584.61,885.4672,Cluster,11.0,,,YES,,2007,202,482.989128,-9.23544,318.5,341.376,177.03799999999998,482.989128
,,0.344,-33.22,1587.53,885.749,Cluster,10.0,,,YES,,2007,203,483.879144,-10.125456,307.0,103.378,177.03799999999998,483.879144
,,0.344,-39.49,1593.8,886.361,Cluster,10.0,,,YES,,2007,204,485.79024,-12.036552,273.0,139.7,422.90999999999997,485.79024
,,0.344,-0.7,1595.0,886.478,Cluster,14.0,,,YES,,2007,206,486.156,-0.21336,250.5,129.54,521.97,486.156
,,0.344,-0.81,1595.1,886.4883,metal loss,20.0,,1.87,YES,,2007,207,486.18648,-0.24688800000000002,208.5,29.971999999999998,161.036,486.18648
,,0.344,-15.69,1609.99,887.9465,metal loss,10.0,,,YES,,2007,208,490.72495200000003,-4.782312,12.0,17.018,14.985999999999999,490.72495200000003
,,0.344,-34.48,1628.77,889.7887,Cluster,11.0,,,YES,,2007,209,496.449096,-10.509504,314.5,20.32,53.848,496.449096
,,0.344,-40.09,1634.38,890.3414,Cluster,10.0,,,YES,,2007,210,498.15902400000004,-12.219432000000001,297.0,129.286,281.94,498.15902400000004
,,0.344,-0.01,1634.41,890.3443,Cluster,10.0,,,YES,,2007,212,498.16816800000004,-0.0030480000000000004,8.0,175.26,663.448,498.16816800000004
,,0.344,-0.91,1635.31,890.4325,Cluster,11.0,,,YES,,2007,213,498.442488,-0.277368,9.5,123.95199999999998,562.356,498.442488
,,0.344,-39.52,1673.93,894.1085,Cluster,11.0,,,YES,,2007,214,510.21386400000006,-12.045696000000001,283.5,160.01999999999998,297.434,510.21386400000006
,,0.344,-40.11,1674.51,894.1603,Cluster,10.0,,,YES,,2007,215,510.390648,-12.225528,293.5,129.03199999999998,323.342,510.390648
,,0.344,-22.33,1696.83,896.1156,Cluster,11.0,,,YES,,2007,217,517.193784,-6.806184,10.0,23.368,72.39,517.193784
,,0.344,-39.58,1714.09,897.5261,Cluster,11.0,,,YES,,2007,218,522.454632,-12.063984,296.0,128.52399999999997,303.27599999999995,522.454632
,,0.344,-36.06,1790.51,902.3065,Cluster,10.0,,,YES,,2007,221,545.7474480000001,-10.991088000000001,333.5,70.35799999999999,57.40399999999999,545.7474480000001
,,0.344,-4.02,2104.45,909.5225,metal loss,13.0,,,YES,,2007,231,641.4363599999999,-1.225296,359.5,12.953999999999999,14.985999999999999,641.4363599999999
,,0.344,-11.71,2112.13,909.841,Cluster,10.0,,,YES,,2007,232,643.777224,-3.5692080000000006,357.0,72.136,71.374,643.777224
,,0.344,-13.09,2113.52,909.8994,metal loss,14.0,,,YES,,2007,233,644.2008960000001,-3.9898320000000003,201.0,20.066,18.034,644.2008960000001
,,0.344,-13.82,2114.25,909.9303,metal loss,10.0,,,YES,,2007,234,644.4234,-4.2123360000000005,333.0,34.036,20.066,644.4234
,,0.344,-18.3,2118.73,910.1192,Cluster,13.0,,,YES,,2007,235,645.788904,-5.57784,184.5,51.56199999999999,76.708,645.788904
,,0.344,-20.1,2120.53,910.1957,metal loss,10.0,,,YES,,2007,236,646.3375440000001,-6.126480000000001,24.5,8.889999999999999,18.034,646.3375440000001
,,0.344,-21.44,2121.87,910.2533,Cluster,11.0,,,YES,,2007,237,646.745976,-6.534912,22.0,74.422,123.95199999999998,646.745976
,,0.344,-22.62,2123.05,910.3039,metal loss,12.0,,,YES,,2007,238,647.1056400000001,-6.894576000000001,148.0,19.049999999999997,21.081999999999997,647.1056400000001
,,0.344,-23.67,2124.09,910.3487,metal loss,10.0,,,YES,,2007,239,647.422632,-7.214616000000001,160.5,18.034,18.034,647.422632
,,0.344,-25.92,2126.34,910.4453,metal loss,11.0,,,YES,,2007,240,648.1084320000001,-7.900416000000001,181.5,20.066,28.955999999999996,648.1084320000001
,,0.344,-26.56,2126.98,910.4728,Cluster,22.0,,1.84,YES,,2007,241,648.3035040000001,-8.095488,183.0,45.974,75.692,648.3035040000001
,,0.344,-26.63,2127.06,910.476,Cluster,11.0,,,YES,,2007,242,648.327888,-8.116824,209.0,60.45199999999999,52.06999999999999,648.327888
,,0.344,-36.07,2136.49,910.9471,metal loss,15.0,,,YES,,2007,243,651.202152,-10.994136000000001,0.0,19.049999999999997,18.034,651.202152
,,0.344,-37.34,2137.77,911.0257,Cluster,12.0,,,YES,,2007,244,651.592296,-11.381232000000002,338.5,107.696,111.252,651.592296
,,0.344,-38.96,2139.38,911.1251,metal loss,11.0,,,YES,,2007,245,652.083024,-11.875008000000001,358.5,10.921999999999999,18.034,652.083024
,,0.344,-39.88,2140.31,911.1823,metal loss,12.0,,,YES,,2007,246,652.366488,-12.155424000000002,143.5,17.018,18.034,652.366488
,,0.344,-5.88,2146.34,911.5635,Cluster,10.0,,,YES,,2007,248,654.2044320000001,-1.792224,359.5,45.974,35.559999999999995,654.2044320000001
,,0.344,-7.73,2148.19,911.6828,metal loss,19.0,,,YES,,2007,249,654.768312,-2.356104,168.0,20.066,13.97,654.768312
,,0.344,-9.98,2150.44,911.8277,metal loss,10.0,,,YES,,2007,250,655.454112,-3.041904,218.0,18.034,18.034,655.454112
,,0.344,-13.06,2153.51,912.0268,metal loss,15.0,,,YES,,2007,251,656.3898480000001,-3.9806880000000002,199.5,23.114,23.114,656.3898480000001
,,0.344,-17.03,2157.49,912.2906,metal loss,25.0,,1.88,YES,,2007,252,657.602952,-5.1907440000000005,209.0,18.034,16.002,657.602952
,,0.344,-19.12,2159.58,912.4296,metal loss,10.0,,,YES,,2007,253,658.239984,-5.827776000000001,352.0,32.004,26.924,658.239984
,,0.344,-20.62,2161.08,912.529,metal loss,17.0,,,YES,,2007,254,658.697184,-6.284976,200.0,16.002,13.97,658.697184
,,0.344,-34.16,2174.62,913.456,metal loss,12.0,,,YES,,2007,255,662.824176,-10.411968,195.5,22.098,23.114,662.824176
,,0.344,-36.31,2176.77,913.6075,metal loss,14.0,,,YES,,2007,256,663.479496,-11.067288000000001,2.0,14.985999999999999,20.066,663.479496
,,0.344,-38.82,2179.28,913.7847,metal loss,10.0,,,YES,,2007,257,664.2445440000001,-11.832336000000002,137.0,14.985999999999999,18.034,664.2445440000001
,,0.344,-38.99,2179.45,913.7965,Cluster,11.0,,,YES,,2007,258,664.2963599999999,-11.884152000000002,152.0,70.10399999999998,111.252,664.2963599999999
,,0.344,-1.23,2181.73,913.9577,metal loss,12.0,,,YES,,2007,260,664.991304,-0.374904,158.5,40.894,21.081999999999997,664.991304
,,0.344,-3.76,2184.26,914.1366,metal loss,10.0,,,YES,,2007,261,665.7624480000001,-1.146048,5.5,12.953999999999999,18.034,665.7624480000001
,,0.344,-12.11,2192.61,914.7337,metal loss,12.0,,,YES,,2007,262,668.307528,-3.691128,219.0,14.985999999999999,18.034,668.307528
,,0.344,-13.63,2194.13,914.8433,metal loss,11.0,,,YES,,2007,263,668.7708240000001,-4.154424000000001,359.0,18.034,14.985999999999999,668.7708240000001
,,0.344,-38.22,2218.72,916.6591,metal loss,12.0,,,YES,,2007,264,676.265856,-11.649456,156.5,24.892,18.034,676.265856
,,0.344,-39.74,2220.24,916.7737,Cluster,16.0,,,YES,,2007,265,676.729152,-12.112752,161.5,79.248,70.35799999999999,676.729152
,,0.344,-39.74,2220.24,916.7741,metal loss,11.0,,,YES,,2007,266,676.729152,-12.112752,189.5,23.114,14.985999999999999,676.729152
,,0.344,-2.29,2222.85,916.9708,metal loss,15.0,,,YES,,2007,268,677.52468,-0.6979920000000001,217.5,13.97,18.034,677.52468
,,0.344,-6.11,2226.67,917.2614,metal loss,10.0,,,YES,,2007,269,678.689016,-1.8623280000000002,215.0,14.985999999999999,18.034,678.689016
,,0.344,-6.15,2226.72,917.2647,metal loss,10.0,,,YES,,2007,270,678.704256,-1.8745200000000002,192.0,23.114,16.002,678.704256
,,0.344,-7.41,2227.98,917.3608,metal loss,12.0,,,YES,,2007,271,679.088304,-2.2585680000000004,220.0,16.002,18.034,679.088304
,,0.344,-8.24,2228.8,917.4236,metal loss,10.0,,,YES,,2007,272,679.33824,-2.511552,193.5,18.034,18.034,679.33824
,,0.344,-12.48,2233.04,917.7464,metal loss,13.0,,,YES,,2007,273,680.630592,-3.803904,192.0,20.066,23.875999999999998,680.630592
,,0.344,-12.61,2233.17,917.7564,Cluster,11.0,,,YES,,2007,274,680.6702160000001,-3.843528,148.5,44.704,28.194000000000003,680.6702160000001
,,0.344,-13.8,2234.36,917.8472,Cluster,11.0,,,YES,,2007,275,681.0329280000001,-4.20624,226.5,53.848,18.541999999999998,681.0329280000001
,,0.344,-14.13,2234.69,917.8724,metal loss,12.0,,,YES,,2007,276,681.133512,-4.306824000000001,157.0,16.002,18.034,681.133512
,,0.344,-14.68,2235.25,917.9148,metal loss,10.0,,,YES,,2007,277,681.3042,-4.474464,191.5,27.94,21.081999999999997,681.3042
,,0.344,-18.33,2238.9,918.1934,Cluster,15.0,,,YES,,2007,278,682.41672,-5.586984,159.5,59.43599999999999,28.194000000000003,682.41672
,,0.344,-20.64,2241.2,918.3697,metal loss,15.0,,,YES,,2007,279,683.11776,-6.291072000000001,149.5,17.018,18.034,683.11776
,,0.344,-21.28,2241.84,918.4186,metal loss,12.0,,,YES,,2007,280,683.3128320000001,-6.486144,163.0,14.985999999999999,18.034,683.3128320000001
,,0.344,-23.35,2243.92,918.5765,metal loss,17.0,,,YES,,2007,281,683.946816,-7.1170800000000005,190.5,18.034,18.034,683.946816
,,0.344,-24.32,2244.89,918.6503,metal loss,11.0,,,YES,,2007,282,684.242472,-7.412736000000001,185.5,19.049999999999997,16.002,684.242472
,,0.344,-26.45,2247.01,918.811,metal loss,17.0,,,YES,,2007,283,684.8886480000001,-8.061960000000001,165.5,22.098,18.034,684.8886480000001
,,0.344,-28.19,2248.76,918.943,metal loss,16.0,,,YES,,2007,284,685.4220480000001,-8.592312000000002,193.0,16.002,14.985999999999999,685.4220480000001
,,0.344,-28.72,2249.29,918.9831,metal loss,10.0,,,YES,,2007,285,685.5835920000001,-8.753856,180.5,18.034,18.034,685.5835920000001
,,0.344,-28.93,2249.5,918.9989,metal loss,11.0,,,YES,,2007,286,685.6476,-8.817864,194.0,18.034,18.034,685.6476
,,0.344,-33.35,2253.91,919.3328,metal loss,13.0,,,YES,,2007,287,686.991768,-10.165080000000001,161.5,11.937999999999999,18.034,686.991768
,,0.344,-35.19,2255.76,919.4699,Cluster,18.0,,,YES,,2007,288,687.5556480000001,-10.725912,162.5,49.275999999999996,17.525999999999996,687.5556480000001
,,0.344,-36.84,2257.41,919.5927,metal loss,13.0,,,YES,,2007,289,688.058568,-11.228832000000002,192.5,20.066,17.018,688.058568
,,0.344,-37.56,2258.13,919.646,Cluster,11.0,,,YES,,2007,290,688.2780240000001,-11.448288000000002,147.5,115.82399999999998,97.282,688.2780240000001
,,0.344,-39.55,2260.11,919.7917,Cluster,15.0,,,YES,,2007,291,688.8815280000001,-12.05484,166.0,78.99399999999999,84.074,688.8815280000001
,,0.344,-0.08,2260.47,919.8172,Cluster,13.0,,,YES,,2007,293,688.991256,-0.024384000000000003,167.5,39.878,113.792,688.991256
,,0.344,-1.62,2262.01,919.9293,metal loss,10.0,,,YES,,2007,294,689.4606480000001,-0.49377600000000005,213.5,17.018,18.034,689.4606480000001
,,0.344,-3.59,2263.98,920.0726,Cluster,13.0,,,YES,,2007,295,690.061104,-1.094232,178.5,42.163999999999994,17.525999999999996,690.061104
,,0.344,-5.62,2266.01,920.2201,metal loss,10.0,,,YES,,2007,296,690.6798480000001,-1.712976,353.5,11.937999999999999,18.034,690.6798480000001
,,0.344,-6.88,2267.26,920.3112,metal loss,10.0,,,YES,,2007,297,691.0608480000001,-2.097024,181.5,20.066,14.985999999999999,691.0608480000001
,,0.344,-8.13,2268.51,920.4023,metal loss,12.0,,,YES,,2007,298,691.441848,-2.4780240000000004,162.5,13.97,18.034,691.441848
,,0.344,-10.6,2270.99,920.5809,Cluster,10.0,,,YES,,2007,299,692.1977519999999,-3.23088,193.5,47.244,36.321999999999996,692.1977519999999
,,0.344,-30.04,2290.43,921.9339,Cluster,10.0,,,YES,,2007,300,698.123064,-9.156192,165.0,98.55199999999999,18.034,698.123064
,,0.344,-30.6,2290.98,921.9714,Cluster,12.0,,,YES,,2007,301,698.290704,-9.326880000000001,171.0,41.148,83.05799999999999,698.290704
,,0.344,-39.67,2300.05,922.556,Cluster,15.0,,,YES,,2007,302,701.0552400000001,-12.091416,176.0,115.82399999999998,110.23599999999999,701.0552400000001
,,0.344,-39.74,2300.12,922.5602,Cluster,16.0,,,YES,,2007,303,701.076576,-12.112752,114.5,102.362,205.486,701.076576
,,0.344,-1.84,2302.29,922.6964,metal loss,13.0,,,YES,,2007,305,701.7379920000001,-0.560832,173.5,17.018,18.034,701.7379920000001
,,0.344,-9.55,2310.0,923.1627,metal loss,10.0,,,YES,,2007,306,704.0880000000001,-2.9108400000000003,184.5,25.907999999999998,22.098,704.0880000000001
,,0.344,-10.08,2310.53,923.1944,metal loss,14.0,,,YES,,2007,307,704.2495440000001,-3.072384,181.5,24.892,22.098,704.2495440000001
,,,,2358.48,925.9077,Bend,,,,,5.0D - 47° - Left,2007,310,718.8647040000001,,,,,718.8647040000001
,,,,2874.56,963.4886,Bend,,,,,5.9D - 21° - Left,2007,326,876.165888,,,,,876.165888
,,0.344,-1.76,2991.42,971.457,Cluster,12.0,,,YES,,2007,332,911.7848160000001,-0.536448,288.5,19.558,43.687999999999995,911.7848160000001
,,0.344,-1.94,2991.61,971.4608,metal loss,13.0,,,YES,,2007,333,911.8427280000001,-0.5913120000000001,291.0,13.97,13.97,911.8427280000001
,,0.344,-3.94,2993.61,971.5022,Cluster,10.0,,,YES,,2007,334,912.4523280000001,-1.200912,285.0,40.132,34.544000000000004,912.4523280000001
,,0.344,-4.24,2993.91,971.5085,Cluster,12.0,,,YES,,2007,335,912.543768,-1.2923520000000002,68.0,41.401999999999994,17.018,912.543768
,,0.344,-4.83,2994.5,971.5207,Cluster,10.0,,,YES,,2007,336,912.7236,-1.4721840000000002,278.5,122.93599999999999,71.374,912.7236
,,0.344,-12.41,3002.07,971.677,metal loss,10.0,,,YES,,2007,337,915.0309360000001,-3.7825680000000004,255.0,12.953999999999999,13.97,915.0309360000001
,,0.344,-12.57,3002.24,971.6804,metal loss,11.0,,,YES,,2007,338,915.082752,-3.8313360000000003,254.5,17.018,18.034,915.082752
,,0.344,-28.38,3018.05,971.9395,metal loss,10.0,,,YES,,2007,339,919.9016400000002,-8.650224,94.5,16.002,16.002,919.9016400000002
,,0.344,-30.21,3019.88,971.941,Cluster,10.0,,,YES,,2007,340,920.4594240000001,-9.208008000000001,255.5,44.704,31.496,920.4594240000001
,,0.344,-21.59,3051.05,971.9481,Cluster,10.0,,,YES,,2007,342,929.96004,-6.5806320000000005,137.5,102.10799999999999,18.034,929.96004
,,0.344,-25.37,3054.83,971.9454,Cluster,10.0,,,YES,,2007,343,931.1121840000001,-7.732776,129.0,94.996,26.669999999999998,931.1121840000001
,,0.344,-25.79,3055.25,971.945,metal loss,11.0,,,YES,,2007,344,931.2402000000001,-7.860792,131.0,17.018,18.034,931.2402000000001
,,0.344,-27.05,3056.51,971.9441,Cluster,11.0,,,YES,,2007,345,931.6242480000001,-8.24484,128.5,89.408,17.525999999999996,931.6242480000001
,,0.344,-27.34,3056.8,971.9439,Cluster,11.0,,,YES,,2007,346,931.7126400000001,-8.333232,218.5,126.746,97.282,931.7126400000001
,,0.344,-28.41,3057.87,971.9432,Cluster,11.0,,,YES,,2007,347,932.038776,-8.659368,126.0,86.614,30.479999999999997,932.038776
,,0.344,-28.89,3058.36,971.9428,metal loss,12.0,,,YES,,2007,348,932.1881280000001,-8.805672000000001,128.5,18.034,13.97,932.1881280000001
,,0.344,-29.11,3058.57,971.9426,Cluster,11.0,,,YES,,2007,349,932.2521360000001,-8.872728,118.5,174.75199999999998,70.35799999999999,932.2521360000001
,,0.344,-29.62,3059.08,971.9421,Cluster,11.0,,,YES,,2007,350,932.407584,-9.028176,219.0,228.6,85.598,932.407584
,,0.344,-29.81,3059.27,971.942,metal loss,10.0,,,YES,,2007,351,932.465496,-9.086088,127.0,23.114,18.034,932.465496
,,0.344,-30.3,3059.76,971.9415,Cluster,11.0,,,YES,,2007,352,932.6148480000002,-9.23544,113.5,339.344,141.986,932.6148480000002
,,0.344,-30.45,3059.92,971.9414,Cluster,11.0,,,YES,,2007,353,932.663616,-9.28116,219.0,187.19799999999998,98.55199999999999,932.663616
,,0.344,-31.23,3060.69,971.9407,Cluster,15.0,,,YES,,2007,354,932.898312,-9.518904000000001,231.0,179.832,34.036,932.898312
,,0.344,-31.92,3061.38,971.9401,Cluster,15.0,,,YES,,2007,355,933.1086240000001,-9.729216000000001,229.5,282.19399999999996,57.91199999999999,933.1086240000001
,,0.344,-32.01,3061.47,971.94,Cluster,15.0,,,YES,,2007,356,933.1360559999999,-9.756648,119.5,119.38,137.414,933.1360559999999
,,0.344,-32.51,3061.97,971.9396,Cluster,10.0,,,YES,,2007,357,933.288456,-9.909048,108.5,166.36999999999998,127.762,933.288456
,,0.344,-32.95,3062.41,971.9392,Cluster,13.0,,,YES,,2007,358,933.422568,-10.043160000000002,227.0,131.31799999999998,84.582,933.422568
,,0.344,-33.63,3063.09,971.9386,Cluster,11.0,,,YES,,2007,359,933.6298320000001,-10.250424,229.5,143.00199999999998,87.37599999999999,933.6298320000001
,,0.344,-34.09,3063.55,971.9382,Cluster,11.0,,,YES,,2007,360,933.7700400000001,-10.390632000000002,113.0,118.618,75.692,933.7700400000001
,,0.344,-39.61,3069.07,971.929,Cluster,12.0,,,YES,,2007,361,935.4525360000001,-12.073128,248.5,119.126,141.986,935.4525360000001
,,0.344,-39.24,3347.22,961.6587,metal loss,14.0,,,NO,,2007,370,1020.232656,-11.960352000000002,114.0,29.971999999999998,56.896,1020.232656
,,0.344,-39.32,3347.3,961.6548,metal loss,11.0,,,NO,,2007,371,1020.2570400000001,-11.984736,224.5,18.034,23.875999999999998,1020.2570400000001
,,0.344,-17.89,3406.04,958.2962,Cluster,18.0,,,NO,,2007,374,1038.160992,-5.452872,166.0,65.024,72.39,1038.160992
,,0.344,-39.15,3427.3,957.0421,metal loss,12.0,,,NO,,2007,375,1044.6410400000002,-11.93292,232.5,22.098,49.022,1044.6410400000002
,,0.344,-0.81,4530.89,907.7889,metal loss,15.0,,,NO,,2007,405,1381.015272,-0.24688800000000002,125.5,25.907999999999998,58.92799999999999,1381.015272
,,0.344,-38.94,4609.09,909.2472,Cluster,17.0,,,NO,,2007,407,1404.8506320000001,-11.868912,188.0,88.138,161.29,1404.8506320000001
,,,,4957.85,908.7731,Cathodic Protection Point,,,,,,2007,417,1511.1526800000001,,180.0,,,1511.1526800000001
,,0.344,-26.58,5024.29,907.4257,metal loss-manufacturing anomaly,15.0,,,,,2007,420,1531.4035920000001,-8.101583999999999,111.5,17.018,13.97,1531.4035920000001
,,,,5202.44,903.8152,Above Ground Marker,,,,,AGM 1,2007,426,1585.703712,,,,,1585.703712
,,0.344,-28.9,5292.54,904.1469,Cluster,14.0,,,NO,,2007,429,1613.1661920000001,-8.80872,187.0,68.326,56.388000000000005,1613.1661920000001
,,0.344,-30.37,5294.02,904.1541,Cluster,12.0,,,NO,,2007,430,1613.6172960000001,-9.256776,179.5,43.687999999999995,17.525999999999996,1613.6172960000001
,,0.344,-38.65,5342.18,904.168,Cluster,43.0,,1.45,NO,,2007,432,1628.2964640000002,-11.780520000000001,99.0,169.672,927.862,1628.2964640000002
,,0.344,-0.79,5344.35,904.1596,Cluster,16.0,,,NO,,2007,434,1628.9578800000002,-0.24079200000000003,290.5,50.8,320.802,1628.9578800000002
,,0.344,-0.99,5344.55,904.1589,Cluster,16.0,,,NO,,2007,435,1629.0188400000002,-0.301752,76.5,25.907999999999998,93.21799999999999,1629.0188400000002
,,0.344,-17.57,5361.13,904.1821,Cluster,21.0,,1.76,NO,,2007,436,1634.0724240000002,-5.355336,190.0,104.90199999999999,153.162,1634.0724240000002
,,0.344,-18.29,5361.85,904.1877,metal loss,15.0,,,NO,,2007,437,1634.2918800000002,-5.574792,183.0,23.875999999999998,13.97,1634.2918800000002
,,0.344,-18.4,5361.96,904.1885,metal loss,29.0,,1.83,NO,,2007,438,1634.3254080000002,-5.60832,200.0,43.942,28.955999999999996,1634.3254080000002
,,0.344,-18.47,5362.03,904.1891,Cluster,54.0,,1.46,NO,,2007,439,1634.346744,-5.629656,219.0,106.934,54.356,1634.346744
,,0.344,-18.58,5362.14,904.19,Cluster,28.0,,1.69,NO,,2007,440,1634.380272,-5.663183999999999,139.5,114.3,70.35799999999999,1634.380272
,,0.344,-18.94,5362.5,904.1928,Cluster,40.0,,1.57,NO,,2007,441,1634.49,-5.772912000000001,210.5,118.87199999999999,145.28799999999998,1634.49
,,0.344,-19.06,5362.62,904.1937,Cluster,13.0,,,NO,,2007,442,1634.526576,-5.809488,145.0,52.06999999999999,59.181999999999995,1634.526576
,,0.344,-19.46,5363.02,904.1969,metal loss,32.0,,1.72,NO,,2007,443,1634.6484960000003,-5.931408,133.0,84.074,41.91,1634.6484960000003
,,0.344,-19.59,5363.15,904.1979,Cluster,19.0,,,NO,,2007,444,1634.68812,-5.971032,203.0,85.598,209.042,1634.68812
,,0.344,-20.03,5363.59,904.2013,Cluster,37.0,,1.79,NO,,2007,445,1634.8222320000002,-6.105144000000001,130.5,48.513999999999996,55.88,1634.8222320000002
,,0.344,-21.03,5364.59,904.2091,Cluster,35.0,,1.77,NO,,2007,446,1635.127032,-6.409944,132.5,59.69,53.848,1635.127032
,,0.344,-21.51,5365.07,904.213,Cluster,22.0,,1.73,NO,,2007,447,1635.273336,-6.556248000000001,131.5,123.18999999999998,65.024,1635.273336
,,0.344,-22.16,5365.72,904.2181,Cluster,59.0,,1.08,NO,,2007,448,1635.4714560000002,-6.754368,167.0,372.364,432.05400000000003,1635.4714560000002
,,0.344,-22.31,5365.86,904.2192,Cluster,11.0,,,NO,,2007,449,1635.514128,-6.800088,141.5,91.18599999999999,132.07999999999998,1635.514128
,,0.344,-35.87,5379.43,904.345,Cluster,40.0,,1.63,NO,,2007,450,1639.650264,-10.933176,138.0,96.01199999999999,486.156,1639.650264
,,0.344,-0.74,5447.33,906.411,Cluster,12.0,,,NO,,2007,454,1660.346184,-0.225552,201.0,53.08599999999999,420.878,1660.346184
,,0.344,-12.36,5458.94,906.7782,metal loss-manufacturing anomaly,11.0,,,,,2007,455,1663.884912,-3.767328,20.0,97.02799999999999,26.924,1663.884912
,,0.344,-39.06,5830.69,921.9398,Cluster,19.0,,,NO,,2007,466,1777.1943119999999,-11.905488000000002,203.5,42.163999999999994,159.004,1777.1943119999999
,,0.344,-23.68,6924.26,842.9271,metal loss-manufacturing anomaly,14.0,,,,,2007,496,2110.5144480000004,-7.217664,14.0,14.985999999999999,13.97,2110.5144480000004
,,0.344,-24.96,6925.53,842.8694,metal loss-manufacturing anomaly,20.0,,,,,2007,497,2110.901544,-7.607808,292.5,13.97,14.985999999999999,2110.901544
,,0.344,-39.06,6979.62,840.5392,metal loss,17.0,,,NO,,2007,499,2127.388176,-11.905488000000002,160.5,41.91,51.053999999999995,2127.388176
,,0.344,-39.08,6979.64,840.5385,metal loss,25.0,,1.86,NO,,2007,500,2127.394272,-11.911584,201.0,32.004,99.05999999999999,2127.394272
,,0.344,-39.05,7052.36,838.1095,Cluster,18.0,,,NO,,2007,503,2149.559328,-11.90244,115.0,50.546,136.652,2149.559328
,,0.344,-24.7,7637.41,815.6535,metal loss,19.0,,,NO,,2007,521,2327.882568,-7.528560000000001,273.5,35.05199999999999,29.971999999999998,2327.882568
,,0.344,-25.04,7637.75,815.6391,metal loss,14.0,,,NO,,2007,522,2327.9862000000003,-7.632192,272.5,37.083999999999996,38.862,2327.9862000000003
,,0.344,-26.09,7638.8,815.5944,Cluster,11.0,,,NO,,2007,523,2328.3062400000003,-7.952232,289.0,77.724,87.884,2328.3062400000003
,,0.344,-38.53,7651.24,815.0541,Cluster,11.0,,,NO,,2007,524,2332.097952,-11.743944,193.5,86.614,35.05199999999999,2332.097952
,,0.344,-38.95,8725.0,807.2579,Cluster,10.0,,,NO,,2007,554,2659.38,-11.871960000000001,145.0,100.076,117.09400000000001,2659.38
,,0.344,-3.72,8889.36,807.6581,metal loss-manufacturing anomaly,13.0,,,,,2007,560,2709.4769280000005,-1.1338560000000002,326.0,11.937999999999999,18.034,2709.4769280000005
,,0.344,-4.23,8889.87,807.6607,metal loss-manufacturing anomaly,14.0,,,,,2007,561,2709.6323760000005,-1.2893040000000002,213.5,40.894,18.034,2709.6323760000005
,,,,9308.18,786.278,Tap,,,,,,2007,572,2837.133264,,0.0,,,2837.133264
,,0.344,-8.37,10392.93,824.2547,metal loss-manufacturing anomaly,17.0,,,,,2007,609,3167.765064,-2.551176,251.0,92.964,18.034,3167.765064
,,0.344,-19.7,10404.26,824.1441,metal loss-manufacturing anomaly,17.0,,,,,2007,610,3171.218448,-6.00456,71.5,90.932,16.002,3171.218448
,,,,10431.4,823.8735,Above Ground Marker,,,,,AGM 2    U,2007,612,3179.4907200000002,,,,,3179.4907200000002
,,0.344,-29.95,10574.38,820.8848,Cluster,21.0,,1.69,NO,,2007,617,3223.071024,-9.12876,130.5,172.72,147.32,3223.071024
,,0.344,-20.9,12381.12,870.4641,metal loss-manufacturing anomaly,20.0,,,,,2007,673,3773.7653760000003,-6.3703199999999995,151.0,92.964,68.072,3773.7653760000003
,,0.344,-0.61,13138.9,876.646,Cluster,34.0,,1.52,NO,,2007,697,4004.73672,-0.185928,137.5,215.138,638.3019999999999,4004.73672
,,0.344,-25.9,14928.2,821.8769,Cluster,10.0,,,NO,,2007,757,4550.115360000001,-7.89432,33.5,39.878,84.074,4550.115360000001
,,0.5,-0.03,14945.2,822.1702,Cluster,10.0,,,NO,,2007,763,4555.296960000001,-0.009144,143.0,207.01,153.162,4555.296960000001
,,0.344,-0.73,15086.39,818.5693,Cluster,19.0,,,NO,,2007,787,4598.331672,-0.222504,96.0,109.728,272.796,4598.331672
,,0.344,-39.71,15957.99,829.9187,metal loss,10.0,,,NO,,2007,828,4863.995352,-12.103608000000001,118.5,19.049999999999997,21.081999999999997,4863.995352
,,0.344,-38.9,16515.7,846.8592,Cluster,20.0,,1.79,NO,,2007,848,5033.985360000001,-11.856720000000001,199.5,88.392,411.226,5033.985360000001
,,0.344,-38.78,18175.87,873.1097,Cluster,20.0,,1.74,NO,,2007,899,5540.005176,-11.820144,132.0,126.23799999999999,172.46599999999998,5540.005176
,,0.344,-38.81,18175.91,873.1085,metal loss,18.0,,,NO,,2007,900,5540.017368,-11.829288000000002,202.5,22.098,14.985999999999999,5540.017368
,,0.344,-38.83,18175.92,873.1082,metal loss,23.0,,1.87,NO,,2007,901,5540.020415999999,-11.835384,179.0,22.098,22.098,5540.020415999999
,,0.344,-14.48,19910.87,876.2111,metal loss,10.0,,,NO,,2007,953,6068.833176,-4.4135040000000005,200.0,14.985999999999999,18.034,6068.833176
,,0.344,-0.34,20016.6,870.459,metal loss,10.0,,,NO,,2007,957,6101.05968,-0.10363200000000002,123.0,18.034,17.018,6101.05968
,,0.344,-39.22,21019.81,783.2616,Cluster,25.0,,1.83,NO,,2007,986,6406.838088,-11.954256,153.5,46.99,225.55200000000002,6406.838088
,,0.344,-0.68,21282.56,778.8138,Cluster,28.0,,1.68,NO,,2007,996,6486.924288000001,-0.20726400000000003,116.5,122.93599999999999,205.99399999999997,6486.924288000001
,,0.344,-0.7,21282.57,778.8137,metal loss,11.0,,,NO,,2007,997,6486.927336000001,-0.21336,251.5,41.91,57.91199999999999,6486.927336000001
,,0.344,-0.71,21282.59,778.8136,metal loss,14.0,,,NO,,2007,998,6486.933432000001,-0.216408,275.0,33.019999999999996,52.06999999999999,6486.933432000001
,,0.344,-0.71,21282.59,778.8136,metal loss,17.0,,,NO,,2007,999,6486.933432000001,-0.216408,219.0,41.91,106.934,6486.933432000001
,,0.344,-22.6,21304.48,778.7127,metal loss-manufacturing anomaly,14.0,,,,,2007,1000,6493.605504,-6.88848,94.5,14.985999999999999,14.985999999999999,6493.605504
,,0.344,-25.76,21307.63,778.7003,Cluster,39.0,,1.49,NO,,2007,1001,6494.565624000001,-7.851648000000001,190.5,181.10199999999998,75.692,6494.565624000001
,,0.344,-31.22,21353.03,778.6063,Cluster,23.0,,1.72,NO,,2007,1004,6508.403544,-9.515856,141.5,126.746,443.73799999999994,6508.403544
,,0.344,-11.02,21815.32,773.1062,metal loss,10.0,,,NO,,2007,1028,6649.309536000001,-3.358896,208.5,23.114,22.098,6649.309536000001
,,0.344,-0.77,21845.23,771.2559,Cluster,10.0,,,NO,,2007,1030,6658.426104,-0.23469600000000002,221.0,34.544000000000004,124.96799999999999,6658.426104
,,0.344,-0.82,21845.28,771.2542,metal loss,11.0,,,NO,,2007,1031,6658.441344,-0.249936,117.5,38.862,161.036,6658.441344
,,0.344,-39.06,22083.5,774.7477,Cluster,16.0,,,NO,,2007,1038,6731.0508,-11.905488000000002,209.0,62.992,279.90799999999996,6731.0508
,,0.344,-0.92,22485.22,774.7015,metal loss-manufacturing anomaly,11.0,,,,,2007,1051,6853.495056000001,-0.280416,13.0,86.106,18.034,6853.495056000001
,,0.344,-30.62,22651.75,773.3812,metal loss-manufacturing anomaly,13.0,,,,,2007,1056,6904.2534000000005,-9.332976,86.0,21.081999999999997,13.97,6904.2534000000005
,,0.344,-0.87,22781.94,772.2973,Cluster,18.0,,,NO,,2007,1061,6943.935312,-0.265176,172.5,82.80399999999999,141.986,6943.935312
,,0.344,-0.76,22941.65,771.6572,Cluster,15.0,,,NO,,2007,1066,6992.614920000001,-0.23164800000000002,179.5,82.042,193.04,6992.614920000001
,,0.344,-20.19,23161.46,771.7922,metal loss-manufacturing anomaly,10.0,,,,,2007,1075,7059.613008,-6.153912000000001,55.0,85.09,30.987999999999996,7059.613008
,,0.344,-20.8,23162.08,771.7985,metal loss-manufacturing anomaly,25.0,,,,,2007,1076,7059.801984000001,-6.339840000000001,50.0,132.07999999999998,18.034,7059.801984000001
,,0.344,-0.71,23608.37,775.1361,Cluster,15.0,,,YES,,2007,1089,7195.831176,-0.216408,79.5,70.612,436.87999999999994,7195.831176
,,0.344,-28.08,23635.74,774.9633,Cluster,23.0,,1.69,NO,,2007,1090,7204.173552000001,-8.558784,8.5,151.13,213.35999999999999,7204.173552000001
,,0.344,-37.27,23644.93,774.898,metal loss-manufacturing anomaly,10.0,,,,,2007,1091,7206.974664,-11.359896,258.0,12.953999999999999,18.034,7206.974664
,,0.344,-26.68,23674.28,774.7318,Cluster,29.0,,1.79,NO,,2007,1093,7215.920544,-8.132064,92.5,62.230000000000004,735.838,7215.920544
,,0.344,-26.69,23674.29,774.7317,metal loss,14.0,,,NO,,2007,1094,7215.923592000001,-8.135112000000001,241.5,53.08599999999999,33.019999999999996,7215.923592000001
,,0.344,-26.74,23674.34,774.7315,Cluster,16.0,,,NO,,2007,1095,7215.938832000001,-8.150352,267.0,35.306,158.496,7215.938832000001
,,0.344,-0.74,23675.98,774.7247,metal loss,26.0,,1.87,NO,,2007,1097,7216.438704,-0.225552,154.5,24.892,28.955999999999996,7216.438704
,,0.344,-3.76,24662.22,789.5692,metal loss-manufacturing anomaly,13.0,,,,,2007,1124,7517.044656000001,-1.146048,267.5,96.01199999999999,51.053999999999995,7517.044656000001
,,0.344,-39.04,25249.8,799.1802,Cluster,14.0,,,NO,,2007,1139,7696.13904,-11.899392,176.0,28.955999999999996,147.32,7696.13904
,,0.344,-39.13,26416.04,805.8494,metal loss-manufacturing anomaly,21.0,,,,,2007,1177,8051.608992,-11.926824000000002,106.0,91.948,14.985999999999999,8051.608992
,,0.344,-38.93,26867.93,805.8881,Cluster,31.0,,1.85,NO,,2007,1192,8189.345064,-11.865864,131.5,33.782,301.752,8189.345064
,,0.344,-39.0,26930.57,799.6205,Cluster,12.0,,,NO,,2007,1196,8208.437736,-11.8872,65.5,79.248,122.428,8208.437736
,,0.344,-23.68,27579.43,805.2976,metal loss-manufacturing anomaly,12.0,,,,,2007,1218,8406.210264000001,-7.217664,40.5,133.096,35.05199999999999,8406.210264000001
,,0.344,-25.46,27581.21,805.3021,metal loss-manufacturing anomaly,24.0,,,,,2007,1219,8406.752808,-7.760208,34.5,99.05999999999999,22.098,8406.752808
,,0.344,-26.35,27582.11,805.3051,metal loss-manufacturing anomaly,21.0,,,,,2007,1220,8407.027128,-8.03148,32.0,86.868,19.049999999999997,8407.027128
,,0.344,-26.81,27582.56,805.3066,metal loss-manufacturing anomaly,11.0,,,,,2007,1221,8407.164288,-8.171688,30.5,87.884,55.117999999999995,8407.164288
,,0.344,-27.12,27582.88,805.3076,metal loss-manufacturing anomaly,21.0,,,,,2007,1222,8407.261824000001,-8.266176000000002,37.5,86.106,19.049999999999997,8407.261824000001
,,0.344,-16.37,27892.3,805.9289,metal loss-manufacturing anomaly,10.0,,,,,2007,1231,8501.57304,-4.9895760000000005,248.5,82.042,26.924,8501.57304
,,0.344,-28.97,27944.8,803.8386,metal loss-manufacturing anomaly,20.0,,,,,2007,1233,8517.57504,-8.830056,302.0,26.924,29.971999999999998,8517.57504
,,0.344,-8.91,28783.01,779.511,metal loss-manufacturing anomaly,13.0,,,,,2007,1260,8773.061448,-2.715768,143.5,160.01999999999998,48.00599999999999,8773.061448
,,0.344,-0.61,28814.67,779.3579,Cluster,30.0,,1.66,NO,,2007,1262,8782.711416,-0.185928,123.0,120.14200000000001,534.67,8782.711416
,,0.344,-0.62,29128.12,775.1613,Cluster,38.0,,1.66,NO,,2007,1272,8878.250976,-0.188976,117.0,88.89999999999999,517.144,8878.250976
,,0.344,-38.99,29206.49,773.7111,metal loss,38.0,,1.77,NO,,2007,1275,8902.138152000001,-11.884152000000002,223.5,53.08599999999999,248.92000000000002,8902.138152000001
,,0.344,-39.04,29206.54,773.7098,metal loss,17.0,,,NO,,2007,1276,8902.153392,-11.899392,111.0,29.971999999999998,151.13,8902.153392
,,0.344,-0.67,29208.08,773.6676,Cluster,11.0,,,NO,,2007,1280,8902.622784000001,-0.204216,194.5,125.22199999999998,154.432,8902.622784000001
,,0.344,-0.72,29208.13,773.6661,metal loss,36.0,,1.63,NO,,2007,1281,8902.638024,-0.219456,176.0,112.014,29.971999999999998,8902.638024
,,0.344,-9.95,29417.63,768.759,Cluster,22.0,,1.69,NO,,2007,1289,8966.493624,-3.03276,159.0,160.01999999999998,85.09,8966.493624
,,0.344,-11.84,29419.53,768.7094,Cluster,22.0,,1.75,NO,,2007,1290,8967.072744000001,-3.608832,158.5,106.17199999999998,73.914,8967.072744000001
,,0.344,-30.33,30262.24,765.6902,metal loss,10.0,,,NO,,2007,1317,9223.930752,-9.244584,190.0,32.004,41.91,9223.930752
,,0.344,-32.09,30264.0,765.6245,metal loss,10.0,,,NO,,2007,1318,9224.467200000001,-9.781032000000002,143.5,26.924,28.955999999999996,9224.467200000001
,,0.344,-19.71,30570.99,761.7328,metal loss-manufacturing anomaly,19.0,,,,,2007,1328,9318.037752,-6.007608,344.5,84.074,13.97,9318.037752
,,0.344,-22.16,30573.44,761.7224,metal loss-manufacturing anomaly,10.0,,,,,2007,1329,9318.784512,-6.754368,349.0,105.91799999999999,107.94999999999999,9318.784512
,,0.344,-22.74,30574.03,761.7199,metal loss-manufacturing anomaly,26.0,,,,,2007,1330,9318.964344,-6.931152,355.5,92.964,18.034,9318.964344
,,0.344,-23.47,30574.76,761.7168,metal loss-manufacturing anomaly,10.0,,,,,2007,1331,9319.186848,-7.153656,348.0,78.99399999999999,22.098,9319.186848
,,0.344,-24.82,30576.1,761.7112,metal loss-manufacturing anomaly,15.0,,,,,2007,1332,9319.59528,-7.565136000000001,346.5,90.932,178.05399999999997,9319.59528
,,0.344,-25.58,30576.86,761.7079,metal loss-manufacturing anomaly,10.0,,,,,2007,1333,9319.826928,-7.796784,351.0,82.042,40.132,9319.826928
,,0.344,-26.01,30577.29,761.7061,metal loss-manufacturing anomaly,14.0,,,,,2007,1334,9319.957992000001,-7.927848000000001,345.0,102.10799999999999,94.996,9319.957992000001
,,0.344,-26.71,30577.99,761.7032,metal loss-manufacturing anomaly,10.0,,,,,2007,1335,9320.171352000001,-8.141208,340.0,104.90199999999999,219.964,9320.171352000001
,,0.344,-27.33,30578.61,761.7006,metal loss-manufacturing anomaly,28.0,,,,,2007,1336,9320.360328,-8.330184,344.0,100.076,162.052,9320.360328
,,0.344,-0.68,31509.12,760.0275,Cluster,31.0,,1.6,NO,,2007,1372,9603.979776,-0.20726400000000003,68.5,162.814,787.9079999999999,9603.979776
,,0.344,-0.79,31509.22,760.0281,Cluster,14.0,,,NO,,2007,1373,9604.010256000001,-0.24079200000000003,302.5,91.18599999999999,370.84,9604.010256000001
,,0.344,-0.7,31549.2,760.2205,Cluster,28.0,,1.65,NO,,2007,1376,9616.196160000001,-0.21336,87.0,143.00199999999998,163.32199999999997,9616.196160000001
,,0.344,-2.56,31551.06,760.2221,Cluster,11.0,,,NO,,2007,1378,9616.763088000002,-0.7802880000000001,345.0,160.01999999999998,201.16799999999998,9616.763088000002
,,0.344,-0.8,31574.95,759.8592,Cluster,10.0,,,NO,,2007,1383,9624.04476,-0.24384000000000003,119.0,76.454,137.922,9624.04476
,,0.344,-39.04,31980.44,754.9454,Cluster,13.0,,,NO,,2007,1402,9747.638112,-11.899392,133.0,84.836,428.24399999999997,9747.638112
,,0.344,-0.77,32594.86,739.352,Cluster,28.0,,1.84,NO,,2007,1430,9934.913328,-0.23469600000000002,200.0,36.83,90.932,9934.913328
,,0.344,-16.2,32928.3,749.5687,Cluster,14.0,,,NO,,2007,1446,10036.54584,-4.93776,218.5,65.27799999999999,129.286,10036.54584
,,0.344,-0.74,32952.77,749.0267,Cluster,10.0,,,NO,,2007,1448,10044.004296,-0.225552,216.0,65.27799999999999,63.246,10044.004296
,,0.344,-39.07,33031.14,747.9916,Cluster,15.0,,,NO,,2007,1451,10067.891472000001,-11.908536000000002,141.0,47.498,257.04799999999994,10067.891472000001
,,0.344,-32.28,33304.46,744.7818,Cluster,28.0,,1.7,NO,,2007,1462,10151.199408,-9.838944000000001,353.5,110.744,170.688,10151.199408
,,0.344,-32.8,33304.98,744.7765,Cluster,11.0,,,NO,,2007,1463,10151.357904000002,-9.99744,347.5,93.21799999999999,140.97,10151.357904000002
,,0.344,-29.78,33381.36,744.1271,Cluster,31.0,,1.82,NO,,2007,1467,10174.638528000001,-9.076944000000001,166.0,44.704,33.528,10174.638528000001
,,0.344,-30.26,33381.84,744.1223,Cluster,29.0,,1.69,NO,,2007,1468,10174.784832,-9.223248000000002,162.0,109.982,117.60199999999999,10174.784832
,,0.344,-31.6,33383.18,744.1089,Cluster,13.0,,,NO,,2007,1469,10175.193264000001,-9.631680000000001,176.0,126.492,41.65599999999999,10175.193264000001
,,0.344,-38.71,33390.29,744.034,Cluster,20.0,,1.71,NO,,2007,1470,10177.360392,-11.798808000000001,166.5,161.29,111.252,10177.360392
,,0.344,-39.13,33430.71,743.1343,Cluster,21.0,,1.83,NO,,2007,1474,10189.680408,-11.926824000000002,234.0,57.657999999999994,271.78,10189.680408
,,0.344,-8.7,33480.35,742.2086,Cluster,13.0,,,NO,,2007,1479,10204.81068,-2.65176,338.5,85.598,53.339999999999996,10204.81068
,,0.344,-36.73,33853.06,738.0195,metal loss,10.0,,,NO,,2007,1497,10318.412688,-11.195304,358.5,27.94,29.971999999999998,10318.412688
,,0.344,-38.98,33975.28,736.1627,metal loss,18.0,,,NO,,2007,1504,10355.665344000001,-11.881103999999999,275.0,93.98,22.098,10355.665344000001
,,0.344,-39.08,33975.39,736.1604,Cluster,16.0,,,NO,,2007,1506,10355.698872,-11.911584,291.5,66.80199999999999,183.642,10355.698872
,,0.344,-8.15,34024.54,735.0509,Cluster,18.0,,,YES,,2007,1509,10370.679792,-2.4841200000000003,192.5,104.648,100.076,10370.679792
,,0.344,-8.66,34025.04,735.0451,Cluster,25.0,,1.79,YES,,2007,1510,10370.832192000002,-2.639568,189.5,71.374,85.598,10370.832192000002
,,0.344,-22.81,34861.31,722.7324,metal loss-manufacturing anomaly,17.0,,,,,2007,1538,10625.727288,-6.952488,325.0,18.034,18.034,10625.727288
,,0.344,-0.8,34919.27,720.0421,Cluster,10.0,,,NO,,2007,1541,10643.393495999999,-0.24384000000000003,339.0,15.493999999999998,83.05799999999999,10643.393495999999
,,0.344,-0.85,35581.29,720.0574,metal loss,15.0,,,NO,,2007,1561,10845.177192000001,-0.25908000000000003,179.5,21.081999999999997,26.924,10845.177192000001
,,0.344,-0.51,35820.7,721.0735,Cluster,32.0,,1.66,NO,,2007,1569,10918.14936,-0.155448,121.0,110.99799999999999,64.51599999999999,10918.14936
,,0.344,-0.66,35820.85,721.0733,metal loss,18.0,,,NO,,2007,1570,10918.19508,-0.201168,147.0,57.91199999999999,248.92000000000002,10918.19508
,,0.344,-0.71,35820.89,721.0732,Cluster,22.0,,1.85,NO,,2007,1571,10918.207272,-0.216408,248.0,40.64,183.642,10918.207272
,,0.344,-0.74,35820.93,721.0731,metal loss,13.0,,,NO,,2007,1572,10918.219464,-0.225552,326.5,18.034,42.925999999999995,10918.219464
,,0.344,-0.85,36460.28,719.5979,metal loss-manufacturing anomaly,10.0,,,,,2007,1589,11113.093344,-0.25908000000000003,209.0,25.907999999999998,18.034,11113.093344
,,,,36901.27,720.227,Above Ground Marker,,,,,AGM 7    D,2007,1601,11247.507096,,,,,11247.507096
,,,,36926.14,720.0387,Bend,,,,,6.2D - 18° - Left,2007,1603,11255.087472000001,,,,,11255.087472000001
,,,,37449.19,718.1906,Bend,,,,,6.1D - 21° - Right,2007,1623,11414.513112,,,,,11414.513112
,,0.344,-34.12,38383.95,741.9433,metal loss-manufacturing anomaly,16.0,,,,,2007,1651,11699.427959999999,-10.399776,291.5,96.01199999999999,64.008,11699.427959999999
,,0.344,-21.94,39334.75,672.6224,Cluster,16.0,,,NO,,2007,1683,11989.231800000001,-6.687312,162.5,110.744,228.346,11989.231800000001
,,0.344,-0.03,39335.7,672.5915,Cluster,10.0,,,NO,,2007,1685,11989.521359999999,-0.009144,63.0,59.181999999999995,312.42,11989.521359999999
,,0.344,-0.67,39553.36,675.067,Cluster,39.0,,1.57,NO,,2007,1697,12055.864128000001,-0.204216,90.5,123.95199999999998,786.8919999999999,12055.864128000001
,,0.344,-0.07,39592.67,676.6229,Cluster,25.0,,1.73,NO,,2007,1699,12067.845816000001,-0.021336000000000004,260.0,103.378,160.78199999999998,12067.845816000001
,,0.344,-0.72,39593.33,676.7097,Cluster,18.0,,,NO,,2007,1700,12068.046984,-0.219456,229.0,71.88199999999999,168.148,12068.046984
,,0.344,-18.92,40008.62,717.7519,metal loss-manufacturing anomaly,10.0,,,,,2007,1721,12194.627376000002,-5.766816,151.0,37.083999999999996,18.034,12194.627376000002
,,0.344,-19.8,40009.5,717.7555,metal loss-manufacturing anomaly,10.0,,,,,2007,1722,12194.8956,-6.03504,258.5,14.985999999999999,18.034,12194.8956
,,0.344,-20.98,41131.05,710.941,metal loss-manufacturing anomaly,14.0,,,,,2007,1758,12536.744040000001,-6.394704000000001,304.5,92.964,25.907999999999998,12536.744040000001
,,0.344,-17.77,41163.99,711.6486,metal loss-manufacturing anomaly,12.0,,,,,2007,1760,12546.784152,-5.416296,64.5,105.91799999999999,44.958,12546.784152
,,0.344,-19.55,41165.77,711.6819,metal loss-manufacturing anomaly,16.0,,,,,2007,1761,12547.326696,-5.95884,246.0,14.985999999999999,16.002,12547.326696
,,0.344,-20.75,41166.98,711.7044,metal loss-manufacturing anomaly,11.0,,,,,2007,1762,12547.695504000001,-6.3246,63.0,96.01199999999999,36.068,12547.695504000001
,,0.344,-24.07,41170.29,711.7665,metal loss-manufacturing anomaly,30.0,,,,,2007,1763,12548.704392000001,-7.336536000000001,57.0,97.02799999999999,140.97,12548.704392000001
,,0.344,-28.33,41174.55,711.8432,metal loss-manufacturing anomaly,11.0,,,,,2007,1764,12550.002840000001,-8.634984,359.0,11.937999999999999,14.985999999999999,12550.002840000001
,,0.344,-0.72,41466.16,710.3511,Cluster,29.0,,1.66,NO,,2007,1773,12638.885568000002,-0.219456,142.0,127.0,267.71599999999995,12638.885568000002
,,0.344,-0.73,41466.18,710.3507,Cluster,21.0,,1.72,NO,,2007,1774,12638.891664,-0.222504,202.5,141.224,65.532,12638.891664
,,0.344,-0.82,41466.26,710.3486,Cluster,14.0,,,NO,,2007,1775,12638.916048000001,-0.249936,99.5,24.637999999999998,83.05799999999999,12638.916048000001
,,0.344,-20.52,41485.96,709.7136,Cluster,15.0,,,NO,,2007,1776,12644.920608,-6.2544960000000005,286.5,111.252,80.264,12644.920608
,,0.344,-20.8,41486.24,709.7041,Cluster,17.0,,,NO,,2007,1777,12645.005952,-6.339840000000001,308.0,65.024,60.706,12645.005952
,,0.344,-21.34,41486.78,709.6857,Cluster,12.0,,,NO,,2007,1779,12645.170544,-6.504432,306.5,107.94999999999999,80.264,12645.170544
,,0.344,-35.98,41501.43,709.1821,metal loss,10.0,,,NO,,2007,1780,12649.635864,-10.966704,286.5,64.008,19.049999999999997,12649.635864
,,0.344,-37.98,41503.42,709.1124,metal loss,10.0,,,NO,,2007,1782,12650.242416000001,-11.576304,281.0,29.971999999999998,21.081999999999997,12650.242416000001
,,0.344,-38.56,41504.01,709.092,Cluster,10.0,,,NO,,2007,1783,12650.422248,-11.753088000000002,284.0,111.50599999999999,145.28799999999998,12650.422248
,,0.344,-36.01,41581.35,706.0938,Cluster,18.0,,,NO,,2007,1790,12673.99548,-10.975848,218.5,132.07999999999998,105.41,12673.99548
,,0.344,-20.19,41605.47,705.8339,Cluster,15.0,,,NO,,2007,1794,12681.347256000001,-6.153912000000001,102.5,87.122,30.987999999999996,12681.347256000001
,,0.344,-21.88,41607.15,705.8426,Cluster,23.0,,1.71,NO,,2007,1796,12681.859320000001,-6.669024,62.0,130.81,89.916,12681.859320000001
,,0.344,-24.84,41610.12,705.8634,Cluster,13.0,,,NO,,2007,1800,12682.764576000001,-7.571232,279.5,82.55,161.798,12682.764576000001
,,0.344,-25.38,41610.66,705.8678,Cluster,10.0,,,NO,,2007,1801,12682.929168000002,-7.735824,293.0,66.80199999999999,104.90199999999999,12682.929168000002
,,0.344,-25.96,41611.24,705.8726,Cluster,17.0,,,NO,,2007,1802,12683.105952,-7.9126080000000005,292.0,82.55,94.234,12683.105952
,,0.344,-20.6,41645.97,706.2698,Cluster,20.0,,1.73,NO,,2007,1807,12693.691656,-6.278880000000001,280.5,132.588,125.984,12693.691656
,,0.344,-23.26,41648.63,706.3085,Cluster,12.0,,,NO,,2007,1810,12694.502424,-7.089648,292.5,67.564,99.568,12694.502424
,,0.344,-10.96,41676.35,706.7396,Cluster,33.0,,1.61,NO,,2007,1824,12702.95148,-3.3406080000000005,248.0,139.7,293.624,12702.95148
,,0.344,-24.97,41703.53,706.7294,Cluster,33.0,,1.62,NO,,2007,1827,12711.235944,-7.610856,148.5,132.334,94.74199999999999,12711.235944
,,0.344,-25.91,41704.47,706.7093,Cluster,23.0,,1.75,NO,,2007,1830,12711.522456,-7.897368,150.5,101.85399999999998,72.898,12711.522456
,,0.344,-0.77,43597.89,701.6441,Cluster,14.0,,,NO,,2007,1897,13288.636872000001,-0.23469600000000002,142.5,60.959999999999994,194.81799999999998,13288.636872000001
,,0.344,-39.27,43675.86,700.3919,Cluster,10.0,,,NO,,2007,1899,13312.402128000002,-11.969496000000001,180.0,67.056,104.394,13312.402128000002
,,0.344,-0.8,43677.48,700.3641,Cluster,16.0,,,NO,,2007,1901,13312.895904,-0.24384000000000003,138.0,33.528,191.516,13312.895904
,,0.344,-5.46,43949.85,701.8126,metal loss,13.0,,,NO,,2007,1913,13395.91428,-1.6642080000000001,72.5,40.132,36.068,13395.91428
,,0.344,-5.91,43950.29,701.8019,metal loss,10.0,,,NO,,2007,1914,13396.048392,-1.801368,74.0,41.91,62.992,13396.048392
,,0.344,-9.79,43954.18,701.7088,Cluster,13.0,,,NO,,2007,1915,13397.234064,-2.9839919999999998,283.0,45.974,74.422,13397.234064
,,0.344,-11.93,43956.32,701.6575,Cluster,11.0,,,NO,,2007,1916,13397.886336000001,-3.636264,67.5,57.91199999999999,48.513999999999996,13397.886336000001
,,0.344,-12.36,43956.74,701.6473,Cluster,12.0,,,NO,,2007,1917,13398.014352,-3.767328,51.5,138.684,132.588,13398.014352
,,0.344,-13.09,43957.47,701.6297,metal loss,12.0,,,NO,,2007,1918,13398.236856000001,-3.9898320000000003,70.5,60.959999999999994,49.022,13398.236856000001
,,0.344,-0.71,43985.28,700.6769,Cluster,16.0,,,NO,,2007,1923,13406.713344,-0.216408,319.0,90.932,188.468,13406.713344
,,0.344,-38.93,44214.46,700.6012,Cluster,25.0,,1.73,NO,,2007,1933,13476.567408,-11.865864,112.0,105.41,277.114,13476.567408
,,0.344,-1.18,44640.11,697.2894,metal loss,13.0,,,NO,,2007,1946,13606.305528,-0.359664,199.0,22.098,21.081999999999997,13606.305528
,,0.344,-2.41,44641.35,697.2719,metal loss,12.0,,,NO,,2007,1947,13606.68348,-0.7345680000000001,144.5,25.907999999999998,24.892,13606.68348
,,0.344,-3.02,44641.95,697.2633,metal loss,20.0,,1.86,NO,,2007,1948,13606.86636,-0.9204960000000001,145.5,35.05199999999999,33.019999999999996,13606.86636
,,0.344,-3.55,44642.49,697.2557,metal loss,22.0,,1.87,NO,,2007,1949,13607.030952,-1.08204,143.0,27.94,21.081999999999997,13607.030952
,,0.344,-9.05,44647.98,697.1778,Cluster,16.0,,,NO,,2007,1950,13608.704304,-2.7584400000000002,141.0,173.736,96.774,13608.704304
,,0.344,-21.25,44699.21,696.1362,Cluster,20.0,,1.79,NO,,2007,1954,13624.319208,-6.477,229.0,82.042,95.758,13624.319208
,,0.344,-38.87,44757.04,694.8058,Cluster,14.0,,,NO,,2007,1959,13641.945792,-11.847576,188.5,74.16799999999999,67.564,13641.945792
,,0.344,-21.98,44940.0,696.5491,Cluster,15.0,,,NO,,2007,1966,13697.712000000001,-6.699504,248.5,94.74199999999999,147.828,13697.712000000001
,,0.344,-0.76,45112.14,698.9924,metal loss,38.0,,1.85,NO,,2007,1975,13750.180272000001,-0.23164800000000002,15.0,27.94,30.987999999999996,13750.180272000001
,,0.344,-0.76,45112.14,698.9924,metal loss,39.0,,1.84,NO,,2007,1976,13750.180272000001,-0.23164800000000002,0.5,30.987999999999996,14.985999999999999,13750.180272000001
,,0.344,-39.05,45950.15,689.2903,Cluster,14.0,,,NO,,2007,2010,14005.605720000001,-11.90244,223.5,31.75,56.896,14005.605720000001
,,0.344,-0.49,45951.57,689.4027,Cluster,10.0,,,NO,,2007,2012,14006.038536,-0.149352,217.0,60.959999999999994,147.828,14006.038536
,,0.344,-0.78,45951.85,689.4256,Cluster,14.0,,,NO,,2007,2013,14006.123880000001,-0.237744,157.0,66.80199999999999,482.59999999999997,14006.123880000001
,,0.344,-38.9,46109.65,696.3652,Cluster,26.0,,1.71,NO,,2007,2017,14054.22132,-11.856720000000001,144.5,114.80799999999998,144.78,14054.22132
,,0.344,-38.91,46109.65,696.3651,Cluster,24.0,,1.75,NO,,2007,2018,14054.22132,-11.859767999999999,213.5,92.71,127.762,14054.22132
,,0.344,-5.74,46196.86,693.1403,Cluster,10.0,,,NO,,2007,2027,14080.802928000001,-1.7495520000000002,245.5,100.838,60.706,14080.802928000001
,,0.344,-8.19,46199.31,693.0482,Cluster,11.0,,,NO,,2007,2028,14081.549688,-2.496312,252.5,26.924,86.106,14081.549688
,,0.344,-25.88,46733.12,685.3023,metal loss,15.0,,,NO,,2007,2054,14244.254976000002,-7.888224,252.5,22.098,23.875999999999998,14244.254976000002
,,0.344,-0.61,46764.12,683.1255,Cluster,12.0,,,NO,,2007,2057,14253.703776000002,-0.185928,126.5,90.42399999999999,88.392,14253.703776000002
,,0.344,-0.75,46764.26,683.1164,Cluster,28.0,,1.65,NO,,2007,2058,14253.746448000002,-0.22860000000000003,157.5,143.00199999999998,341.62999999999994,14253.746448000002
,,0.344,-11.8,47298.31,683.6045,Cluster,11.0,,,NO,,2007,2081,14416.524888,-3.5966400000000003,8.0,113.792,37.846,14416.524888
,,0.344,-38.92,47325.43,686.1354,Cluster,21.0,,1.73,NO,,2007,2083,14424.791064000001,-11.862816,111.5,129.286,604.266,14424.791064000001
,,0.344,-38.99,47325.5,686.1422,Cluster,10.0,,,NO,,2007,2084,14424.8124,-11.884152000000002,258.5,90.16999999999999,187.19799999999998,14424.8124
,,0.344,-0.79,47327.36,686.32,Cluster,20.0,,1.85,NO,,2007,2086,14425.379328,-0.24079200000000003,37.5,40.894,232.91799999999998,14425.379328
,,,,48518.68,671.325,Bend,,,,,6.4D - 30° - Over,2007,2129,14788.493664000001,,,,,14788.493664000001
,,0.344,-0.57,49768.63,699.2772,Cluster,26.0,,1.69,NO,,2007,2175,15169.478424,-0.173736,117.5,129.03199999999998,273.558,15169.478424
,,0.344,-14.11,50192.33,687.4183,Cluster,20.0,,1.75,NO,,2007,2188,15298.622184000002,-4.300728,258.5,118.618,38.862,15298.622184000002
,,0.344,-18.35,50196.57,687.1957,metal loss,10.0,,,NO,,2007,2190,15299.914536,-5.5930800000000005,273.5,22.098,23.114,15299.914536
,,0.344,-20.95,50199.17,687.0591,Cluster,33.0,,1.5,YES,,2007,2191,15300.707016,-6.38556,127.5,264.92199999999997,141.478,15300.707016
,,0.344,-21.94,50200.15,687.0075,Cluster,17.0,,,YES,,2007,2192,15301.005720000001,-6.687312,138.5,112.77600000000001,24.892,15301.005720000001
,,0.344,-22.43,50200.65,686.982,metal loss,19.0,,,YES,,2007,2193,15301.158120000002,-6.836664,134.5,80.00999999999999,43.942,15301.158120000002
,,,,52971.15,686.3154,Above Ground Marker,,,,,AGM 10   U,2007,2284,16145.606520000001,,,,,16145.606520000001
,,0.344,-0.73,53107.12,688.9615,Cluster,15.0,,,NO,,2007,2289,16187.050176000002,-0.222504,245.5,105.664,185.166,16187.050176000002
,,0.344,-0.6,53187.09,690.9981,Cluster,12.0,,,NO,,2007,2292,16211.425032,-0.18288000000000001,159.5,82.042,221.234,16211.425032
,,0.344,-1.52,53188.01,691.0344,Cluster,24.0,,1.75,NO,,2007,2294,16211.705448,-0.46329600000000004,166.5,93.98,76.19999999999999,16211.705448
,,0.344,-1.97,53188.47,691.0524,metal loss,10.0,,,NO,,2007,2296,16211.845656000001,-0.600456,157.0,27.94,23.114,16211.845656000001
,,0.344,-29.77,53920.16,675.2186,metal loss-manufacturing anomaly,10.0,,,,,2007,2315,16434.864768000003,-9.073896,138.0,12.953999999999999,18.034,16434.864768000003
,,0.344,-0.71,55090.68,695.9362,Cluster,12.0,,,NO,,2007,2349,16791.639264,-0.216408,135.0,78.232,235.71199999999996,16791.639264
,,,,55664.51,695.2578,Tap,,,,,,2007,2365,16966.542648000002,,0.0,,,16966.542648000002
,,0.344,-8.43,56025.84,686.0071,metal loss-manufacturing anomaly,13.0,,,,,2007,2376,17076.676032,-2.569464,27.0,14.985999999999999,14.985999999999999,17076.676032
,,0.344,-18.47,56387.34,682.1086,Cluster,14.0,,,NO,,2007,2388,17186.861232,-5.629656,265.0,67.056,93.726,17186.861232
,,0.344,-18.52,56387.38,682.1088,Cluster,10.0,,,NO,,2007,2389,17186.873424,-5.644896,209.5,26.162,91.948,17186.873424
,,0.344,-18.54,56387.4,682.1088,metal loss,10.0,,,NO,,2007,2390,17186.879520000002,-5.6509920000000005,245.0,22.098,29.971999999999998,17186.879520000002
,,,,57192.57,675.7693,Magnet,,,,,ROSEN,2007,2431,17432.295336,,0.0,,,17432.295336
,,,,57194.19,675.8016,Bend,,,,,17D - 10° - Sag,2007,2432,17432.789112000002,,,,,17432.789112000002
,,,,57202.82,675.9684,Bend,,,,,17.7D - 10° - Over,2007,2433,17435.419536,,,,,17435.419536
,,,,57218.48,676.0266,Tap,,,,,,2007,2438,17440.192704,,270.0,,,17440.192704
,,,,57221.29,676.023,Tap,,,,,,2007,2440,17441.049192000002,,270.0,,,17441.049192000002
,,,,57221.61,676.0225,Tap,,,,,,2007,2441,17441.146728,,90.0,,,17441.146728
,,,,57237.58,675.9882,Support,,,,,,2007,2443,17446.014384000002,,180.0,,,17446.014384000002
,,,,57240.17,675.9835,Support,,,,,,2007,2444,17446.803816,,180.0,,,17446.803816
,,0.988,,57266.64,678.4057,Area End Receiver,,,,,,2007,2445,17454.871872,,,,,17454.871872
